Asset,DataLogged,LocationType,Latitude,Longitude,PositionAccuracy,LogReason,Battery
0016C001F001C01D,2023-05-12T06:06:34.0000000Z,Wifi,38.618074,27.3651967,9,Heartbeat,3169.0
0016C001F001C01D,2023-05-11T08:25:41.0000000Z,Wifi,38.618039,27.3652533,9,Heartbeat,3169.0
0016C001F001C01D,2023-05-10T08:25:25.0000000Z,Wifi,38.618023,27.3651951,9,Heartbeat,3169.0
0016C001F001C01D,2023-05-10T06:22:06.0000000Z,Wifi,38.6182089,27.3651255,9,Heartbeat,3169.0
0016C001F001C01D,2023-05-09T06:21:39.0000000Z,Wifi,38.6181822,27.3651485,9,Heartbeat,3169.0
0016C001F001C01D,2023-05-08T12:58:27.0000000Z,Wifi,38.6182399,27.3652623,9,Heartbeat,3169.0
0016C001F001C01D,2023-05-08T07:13:51.0000000Z,Wifi,38.6181434,27.365342,9,Heartbeat,3169.0
0016C001F001C01D,2023-05-08T06:00:02.0000000Z,Wifi,38.6181551,27.3652536,9,Heartbeat,3176.0
0016C001F001C01D,2023-05-07T05:59:37.0000000Z,Wifi,38.6180829,27.3652525,9,Heartbeat,3176.0
0016C001F001C01D,2023-05-06T05:59:14.0000000Z,Wifi,38.6181237,27.3653063,9,Heartbeat,3176.0
0016C001F001C01D,2023-05-05T05:58:47.0000000Z,Wifi,38.6181996,27.3652156,9,Heartbeat,3176.0
0016C001F001C01D,2023-05-04T05:58:23.0000000Z,Wifi,38.6183189,27.3654132,1,Heartbeat,3176.0
0016C001F001C01D,2023-05-03T05:58:03.0000000Z,Wifi,38.6186396,27.3653553,1,Heartbeat,3176.0
0016C001F001C01D,2023-05-02T08:28:44.0000000Z,Wifi,38.61806,27.3653085,12,Heartbeat,3176.0
0016C001F001C01D,2023-05-02T07:45:58.0000000Z,Wifi,38.618019,27.3651966,12,Heartbeat,3176.0
0016C001F001C01D,2023-05-02T06:19:34.0000000Z,Wifi,38.6180766,27.3652545,12,Heartbeat,3176.0
0016C001F001C01D,2023-05-01T14:20:58.0000000Z,Wifi,38.6181965,27.3652384,12,Heartbeat,3176.0
0016C001F001C01D,2023-04-30T14:20:32.0000000Z,Wifi,38.618084,27.3652317,12,Heartbeat,3176.0
0016C001F001C01D,2023-04-29T14:20:15.0000000Z,Wifi,38.6181516,27.3652473,12,Heartbeat,
0016C001F001C01D,2023-04-28T11:58:00.0000000Z,Wifi,38.6178869,27.3652208,12,Heartbeat,
0016C001F001C01D,2023-04-27T12:49:11.0000000Z,Wifi,38.617995,27.3653106,12,Heartbeat,
0016C001F001C01D,2023-04-25T14:40:56.0000000Z,Wifi,38.617976,27.365245,3,Heartbeat,
Number 2,2023-05-12T10:11:24.0000000Z,Wifi,38.6182997,27.3651851,9,Heartbeat,3162.0
Number 2,2023-05-11T10:11:11.0000000Z,Wifi,38.6183447,27.3651476,9,Heartbeat,3162.0
Number 2,2023-05-11T07:09:10.0000000Z,Wifi,38.6182345,27.3651979,9,Heartbeat,3162.0
Number 2,2023-05-11T04:08:47.0000000Z,Wifi,38.6182693,27.365186,9,Heartbeat,3162.0
Number 2,2023-05-11T01:08:34.0000000Z,Wifi,38.6182426,27.365189,9,Heartbeat,3162.0
Number 2,2023-05-10T22:08:14.0000000Z,Wifi,38.618262,27.3651664,9,Heartbeat,3162.0
Number 2,2023-05-10T19:07:54.0000000Z,Wifi,38.6181711,27.3651992,9,Heartbeat,3162.0
Number 2,2023-05-10T16:07:39.0000000Z,Wifi,38.6183237,27.3651768,9,Heartbeat,3162.0
Number 2,2023-05-10T13:07:21.0000000Z,Wifi,38.6182388,27.3652066,9,Heartbeat,3162.0
Number 2,2023-05-10T10:07:04.0000000Z,Wifi,38.6181149,27.3652166,9,Heartbeat,3162.0
Number 2,2023-05-10T07:06:53.0000000Z,Wifi,38.6183484,27.3651488,9,Heartbeat,3162.0
Number 2,2023-05-10T04:06:33.0000000Z,Wifi,38.6183808,27.3651421,9,Heartbeat,3162.0
Number 2,2023-05-10T01:06:15.0000000Z,Wifi,38.6182307,27.3651989,9,Heartbeat,3162.0
Number 2,2023-05-09T22:05:57.0000000Z,Wifi,38.6182997,27.365155,9,Heartbeat,3162.0
Number 2,2023-05-09T19:05:41.0000000Z,Wifi,38.6181795,27.3652498,9,Heartbeat,3162.0
Number 2,2023-05-09T16:05:26.0000000Z,Wifi,38.6182377,27.3652152,9,Heartbeat,3162.0
Number 2,2023-05-09T13:05:07.0000000Z,Wifi,38.6182437,27.3652291,9,Heartbeat,3162.0
Number 2,2023-05-09T10:04:47.0000000Z,Wifi,38.6181678,27.3652003,9,Heartbeat,3162.0
Number 2,2023-05-09T07:04:23.0000000Z,Wifi,38.6182882,27.3651654,9,Heartbeat,3162.0
Number 2,2023-05-09T04:04:03.0000000Z,Wifi,38.6181843,27.3651726,9,Heartbeat,3162.0
Number 2,2023-05-09T01:03:43.0000000Z,Wifi,38.6182921,27.3651769,9,Heartbeat,3162.0
Number 2,2023-05-08T23:57:32.0000000Z,Wifi,38.6182838,27.3651726,9,Heartbeat,3162.0
Number 2,2023-05-08T20:57:14.0000000Z,Wifi,38.6182521,27.3651989,9,Heartbeat,3162.0
Number 2,2023-05-08T17:56:53.0000000Z,Wifi,38.6181878,27.3651823,9,Heartbeat,3162.0
Number 2,2023-05-08T14:56:40.0000000Z,Wifi,38.6182912,27.3651556,9,Heartbeat,3162.0
Number 2,2023-05-08T11:56:21.0000000Z,Wifi,38.6183898,27.3651989,9,Heartbeat,3162.0
Number 2,2023-05-08T08:56:04.0000000Z,Wifi,38.6181709,27.3653398,9,Heartbeat,3162.0
Number 2,2023-05-08T05:55:50.0000000Z,Wifi,38.6182135,27.3652967,9,Heartbeat,3162.0
Number 2,2023-05-08T02:55:31.0000000Z,Wifi,38.6183198,27.3651454,9,Heartbeat,3162.0
Number 2,2023-05-07T23:55:15.0000000Z,Wifi,38.6182796,27.3651978,9,Heartbeat,3169.0
Number 2,2023-05-07T20:54:53.0000000Z,Wifi,38.6181946,27.3652399,9,Heartbeat,3169.0
Number 2,2023-05-07T17:54:35.0000000Z,Wifi,38.6182978,27.3651941,9,Heartbeat,3169.0
Number 2,2023-05-07T14:54:21.0000000Z,Wifi,38.6183836,27.3651787,9,Heartbeat,3169.0
Number 2,2023-05-07T11:54:02.0000000Z,Wifi,38.6183277,27.3651634,9,Heartbeat,3169.0
Number 2,2023-05-07T08:53:38.0000000Z,Wifi,38.6182604,27.3651948,9,Heartbeat,3169.0
Number 2,2023-05-07T05:53:20.0000000Z,Wifi,38.6183495,27.3652731,9,Heartbeat,3169.0
Number 2,2023-05-07T02:53:04.0000000Z,Wifi,38.6182381,27.3652702,9,Heartbeat,3169.0
Number 2,2023-05-06T23:52:40.0000000Z,Wifi,38.6183636,27.3651856,9,Heartbeat,3169.0
Number 2,2023-05-06T20:52:20.0000000Z,Wifi,38.6183476,27.3651837,9,Heartbeat,3169.0
Number 2,2023-05-06T17:52:03.0000000Z,Wifi,38.6183186,27.3652554,9,Heartbeat,3169.0
Number 2,2023-05-06T14:51:44.0000000Z,Wifi,38.618316,27.3651844,9,Heartbeat,3169.0
Number 2,2023-05-06T11:51:27.0000000Z,Wifi,38.6182633,27.365288,9,Heartbeat,3169.0
Number 2,2023-05-06T11:14:57.0000000Z,Wifi,38.6181947,27.3652753,9,Heartbeat,3169.0
Number 2,2023-05-06T09:44:45.0000000Z,Wifi,38.618271,27.3653003,9,Heartbeat,3169.0
Number 2,2023-05-06T06:44:24.0000000Z,Wifi,38.6182001,27.3652452,9,Heartbeat,3169.0
Number 2,2023-05-06T03:44:06.0000000Z,Wifi,38.6183962,27.3652239,9,Heartbeat,3169.0
Number 2,2023-05-06T00:43:43.0000000Z,Wifi,38.6183856,27.3652525,9,Heartbeat,3169.0
Number 2,2023-05-05T21:43:26.0000000Z,Wifi,38.6182616,27.365221,9,Heartbeat,3169.0
Number 2,2023-05-05T18:43:08.0000000Z,Wifi,38.6183238,27.3651843,9,Heartbeat,3169.0
Number 2,2023-05-05T15:42:55.0000000Z,Wifi,38.6183157,27.3651764,9,Heartbeat,3169.0
Number 2,2023-05-05T12:42:36.0000000Z,Wifi,38.6182494,27.365205,9,Heartbeat,3169.0
Number 2,2023-05-05T09:42:15.0000000Z,Wifi,38.6181707,27.3653005,9,Heartbeat,3169.0
Number 2,2023-05-05T06:42:01.0000000Z,Wifi,38.6183667,27.3651985,9,Heartbeat,3169.0
Number 2,2023-05-05T05:35:28.0000000Z,Wifi,38.6182012,27.3651889,9,Heartbeat,3169.0
Number 2,2023-05-05T02:35:10.0000000Z,Wifi,38.6182791,27.3651962,9,Heartbeat,3169.0
Number 2,2023-05-04T23:34:51.0000000Z,Wifi,38.6183092,27.365202,9,Heartbeat,3169.0
Number 2,2023-05-04T20:34:33.0000000Z,Wifi,38.618275,27.3652173,9,Heartbeat,3169.0
Number 2,2023-05-04T17:34:13.0000000Z,Wifi,38.6183013,27.3652327,9,Heartbeat,3169.0
Number 2,2023-05-04T10:39:09.0000000Z,Wifi,38.6182546,27.3653098,1,Heartbeat,3169.0
Number 2,2023-05-04T07:38:50.0000000Z,Wifi,38.6184725,27.3653382,3,Heartbeat,3169.0
Number 2,2023-05-04T05:55:51.0000000Z,Wifi,38.6182177,27.3653106,1,Heartbeat,3169.0
Number 2,2023-05-04T02:59:05.0000000Z,Wifi,38.61849,27.3653012,3,Heartbeat,3169.0
Number 2,2023-05-03T23:58:45.0000000Z,Wifi,38.6182554,27.3652348,1,Heartbeat,3169.0
Number 2,2023-05-03T20:58:31.0000000Z,Wifi,38.6183839,27.3653033,1,Heartbeat,3176.0
Number 2,2023-05-03T17:58:06.0000000Z,Wifi,38.6184034,27.3653824,1,Heartbeat,3176.0
Number 2,2023-05-03T14:57:46.0000000Z,Wifi,38.618421,27.3653054,1,Heartbeat,3176.0
Number 2,2023-05-03T10:21:33.0000000Z,Wifi,38.6183885,27.3657079,1,Heartbeat,3176.0
Number 2,2023-05-03T08:05:10.0000000Z,Wifi,38.618375,27.3657552,1,Heartbeat,3176.0
Number 2,2023-05-03T05:04:48.0000000Z,Wifi,38.6183896,27.365752,1,Heartbeat,3176.0
Number 2,2023-05-03T02:04:36.0000000Z,Wifi,38.6183887,27.3657442,1,Heartbeat,3176.0
Number 2,2023-05-02T23:04:15.0000000Z,Wifi,38.6183843,27.365745,1,Heartbeat,3176.0
Number 2,2023-05-02T20:03:57.0000000Z,Wifi,38.6183787,27.3657589,3,Heartbeat,3176.0
Number 2,2023-05-02T17:03:37.0000000Z,Wifi,38.618371,27.3657451,1,Heartbeat,3176.0
Number 2,2023-05-02T14:01:44.0000000Z,Wifi,38.618382,27.3657448,1,Heartbeat,3176.0
Number 2,2023-05-02T13:08:53.0000000Z,Wifi,38.6183725,27.365756,3,Heartbeat,3176.0
Number 2,2023-05-02T11:51:09.0000000Z,Wifi,38.6183784,27.3657629,1,Heartbeat,3176.0
Number 2,2023-05-02T08:49:13.0000000Z,Wifi,38.6181928,27.3654533,7,Heartbeat,3176.0
Number 2,2023-05-02T07:45:34.0000000Z,Wifi,38.6179914,27.3652649,12,Heartbeat,3176.0
Number 2,2023-05-02T03:01:59.0000000Z,Wifi,38.6180629,27.3652899,12,Heartbeat,3176.0
Number 2,2023-05-02T00:01:42.0000000Z,Wifi,38.6180765,27.365303,12,Heartbeat,3176.0
Number 2,2023-05-01T21:01:20.0000000Z,Wifi,38.6180671,27.3653132,12,Heartbeat,3176.0
Number 2,2023-05-01T18:00:59.0000000Z,Wifi,38.6182042,27.3652325,12,Heartbeat,3176.0
Number 2,2023-05-01T15:00:38.0000000Z,Wifi,38.6180775,27.365303,12,Heartbeat,3176.0
Number 2,2023-05-01T12:00:21.0000000Z,Wifi,38.6180687,27.3652853,12,Heartbeat,3176.0
Number 2,2023-05-01T09:00:02.0000000Z,Wifi,38.6180764,27.3652449,12,Heartbeat,3176.0
Number 2,2023-05-01T05:59:40.0000000Z,Wifi,38.6180205,27.3652759,12,Heartbeat,3176.0
Number 2,2023-05-01T02:59:26.0000000Z,Wifi,38.6180653,27.3652903,12,Heartbeat,3176.0
Number 2,2023-04-30T23:59:06.0000000Z,Wifi,38.6180493,27.365261,12,Heartbeat,3176.0
Number 2,2023-04-30T20:58:43.0000000Z,Wifi,38.6180744,27.3652948,12,Heartbeat,3176.0
Number 2,2023-04-30T17:58:27.0000000Z,Wifi,38.6180472,27.365297,12,Heartbeat,3176.0
Number 2,2023-04-30T14:58:07.0000000Z,Wifi,38.6181385,27.3652003,12,Heartbeat,3176.0
Number 2,2023-04-30T11:57:48.0000000Z,Wifi,38.6182508,27.3651752,12,Heartbeat,3176.0
Number 2,2023-04-30T08:57:29.0000000Z,Wifi,38.6181864,27.3651808,12,Heartbeat,3176.0
Number 2,2023-04-30T05:57:11.0000000Z,Wifi,38.6181509,27.3652746,12,Heartbeat,3176.0
Number 2,2023-04-30T02:56:54.0000000Z,Wifi,38.6182623,27.3651565,12,Heartbeat,
Number 2,2023-04-29T23:56:32.0000000Z,Wifi,38.6182164,27.3651997,12,Heartbeat,
Number 2,2023-04-29T20:56:13.0000000Z,Wifi,38.6180891,27.3652368,12,Heartbeat,
Number 2,2023-04-29T17:55:58.0000000Z,Wifi,38.6181151,27.3652426,12,Heartbeat,
Number 2,2023-04-29T14:55:36.0000000Z,Wifi,38.61826,27.3651763,12,Heartbeat,
Number 2,2023-04-29T11:55:18.0000000Z,Wifi,38.6181585,27.3651858,12,Heartbeat,
Number 2,2023-04-29T08:54:58.0000000Z,Wifi,38.6181394,27.3651844,12,Heartbeat,
Number 2,2023-04-29T05:54:30.0000000Z,Wifi,38.6180172,27.3653036,12,Heartbeat,
Number 2,2023-04-29T02:53:52.0000000Z,Wifi,38.6181518,27.3651769,12,Heartbeat,
Number 2,2023-04-28T23:53:20.0000000Z,Wifi,38.6181499,27.3651681,12,Heartbeat,
Number 2,2023-04-28T20:52:46.0000000Z,Wifi,38.6181365,27.3651833,12,Heartbeat,
Number 2,2023-04-28T17:52:24.0000000Z,Wifi,38.6181376,27.3652059,12,Heartbeat,
Number 2,2023-04-28T14:51:59.0000000Z,Wifi,38.6181839,27.3651539,12,Heartbeat,
Number 2,2023-04-27T13:26:10.0000000Z,Wifi,38.6183356,27.3656755,12,Heartbeat,
Number 2,2023-04-27T12:18:24.0000000Z,Wifi,38.6181208,27.3653908,12,Heartbeat,
Number 2,2023-04-27T07:22:24.0000000Z,Wifi,38.6179911,27.3652371,12,Heartbeat,
Number 2,2023-04-25T13:30:21.0000000Z,Wifi,38.6181806,27.365297,12,Heartbeat,
0016C001F001C7AE,2023-05-12T06:06:25.0000000Z,Wifi,38.6180685,27.3652174,9,Heartbeat,3169.0
0016C001F001C7AE,2023-05-11T08:25:46.0000000Z,Wifi,38.6181183,27.3652029,9,Heartbeat,3169.0
0016C001F001C7AE,2023-05-09T06:21:31.0000000Z,Wifi,38.6180491,27.3652061,9,Heartbeat,3169.0
0016C001F001C7AE,2023-05-08T12:58:22.0000000Z,Wifi,38.6179665,27.3654396,9,Heartbeat,3169.0
0016C001F001C7AE,2023-05-08T07:13:47.0000000Z,Wifi,38.6180481,27.3654444,9,Heartbeat,3169.0
0016C001F001C7AE,2023-05-07T08:08:00.0000000Z,Wifi,38.6181009,27.3652402,9,Heartbeat,3176.0
0016C001F001C7AE,2023-05-06T08:07:38.0000000Z,Wifi,38.6181123,27.3653069,9,Heartbeat,3176.0
0016C001F001C7AE,2023-05-05T08:07:14.0000000Z,Wifi,38.6180931,27.3652763,9,Heartbeat,3176.0
0016C001F001C7AE,2023-05-04T08:06:50.0000000Z,Wifi,38.6185643,27.3654092,1,Heartbeat,3176.0
0016C001F001C7AE,2023-05-02T08:32:41.0000000Z,Wifi,38.6183271,27.365134,12,Heartbeat,3176.0
0016C001F001C7AE,2023-05-02T07:51:05.0000000Z,Wifi,38.6180659,27.3652646,12,Heartbeat,3176.0
0016C001F001C7AE,2023-05-02T06:19:42.0000000Z,Wifi,38.6181911,27.3652318,12,Heartbeat,3176.0
0016C001F001C7AE,2023-05-01T14:21:05.0000000Z,Wifi,38.6181097,27.3652537,12,Heartbeat,3176.0
0016C001F001C7AE,2023-04-30T14:20:35.0000000Z,Wifi,38.6182472,27.3651853,12,Heartbeat,3176.0
0016C001F001C7AE,2023-04-29T14:20:21.0000000Z,Wifi,38.6180703,27.3652582,12,Heartbeat,3176.0
0016C001F001C7AE,2023-04-28T12:36:00.0000000Z,Wifi,38.617976,27.365245,3,Heartbeat,
0016C001F001C7AE,2023-04-28T12:28:25.0000000Z,Wifi,38.617976,27.365245,3,ElapsedTime,
0016C001F001C7AE,2023-04-27T12:49:02.0000000Z,Wifi,38.6179052,27.3652578,12,Heartbeat,
0016C001F001C7AE,2023-04-27T10:56:11.0000000Z,Wifi,38.6178143,27.3650416,12,Heartbeat,
Number 4,2023-05-12T07:40:23.0000000Z,Wifi,38.6182823,27.3651574,9,Heartbeat,3155.0
Number 4,2023-05-12T03:14:20.0000000Z,Wifi,38.6183154,27.3651378,9,Heartbeat,3155.0
Number 4,2023-05-12T00:24:32.0000000Z,Wifi,38.6184762,27.3651249,9,Heartbeat,3155.0
Number 4,2023-05-11T10:41:51.0000000Z,Wifi,38.6183551,27.3652389,9,Heartbeat,3155.0
Number 4,2023-05-11T07:49:21.0000000Z,Wifi,38.6181683,27.3651619,9,Heartbeat,3155.0
Number 4,2023-05-11T04:49:02.0000000Z,Wifi,38.6182254,27.3651735,9,Heartbeat,3155.0
Number 4,2023-05-11T01:48:38.0000000Z,Wifi,38.6182188,27.3651773,9,Heartbeat,3155.0
Number 4,2023-05-10T17:55:08.0000000Z,Wifi,38.6181624,27.3652608,9,Heartbeat,3155.0
Number 4,2023-05-10T14:54:45.0000000Z,Wifi,38.6182948,27.3651466,9,Heartbeat,3155.0
Number 4,2023-05-10T11:54:25.0000000Z,Wifi,38.6182588,27.3651946,9,Heartbeat,3155.0
Number 4,2023-05-10T05:56:23.0000000Z,Wifi,38.6182332,27.3652291,9,Heartbeat,3155.0
Number 4,2023-05-10T02:55:58.0000000Z,Wifi,38.6183301,27.3651954,9,Heartbeat,3155.0
Number 4,2023-05-09T23:55:35.0000000Z,Wifi,38.6182149,27.3652328,9,Heartbeat,3155.0
Number 4,2023-05-09T20:55:14.0000000Z,Wifi,38.6182235,27.3652792,9,Heartbeat,3155.0
Number 4,2023-05-09T17:54:59.0000000Z,Wifi,38.6181728,27.3652088,9,Heartbeat,3155.0
Number 4,2023-05-09T14:54:38.0000000Z,Wifi,38.6181864,27.3652484,9,Heartbeat,3155.0
Number 4,2023-05-09T11:54:16.0000000Z,Wifi,38.61834,27.3651964,9,Heartbeat,3155.0
Number 4,2023-05-09T08:53:56.0000000Z,Wifi,38.6184113,27.3651855,9,Heartbeat,3155.0
Number 4,2023-05-09T05:53:29.0000000Z,Wifi,38.6182251,27.3652042,9,Heartbeat,3155.0
Number 4,2023-05-09T02:53:15.0000000Z,Wifi,38.6182902,27.365237,9,Heartbeat,3155.0
Number 4,2023-05-08T23:52:55.0000000Z,Wifi,38.6181124,27.3652675,9,Heartbeat,3155.0
Number 4,2023-05-08T20:52:31.0000000Z,Wifi,38.618154,27.365255,9,Heartbeat,3155.0
Number 4,2023-05-08T17:52:12.0000000Z,Wifi,38.6182955,27.3651978,9,Heartbeat,3155.0
Number 4,2023-05-08T14:51:55.0000000Z,Wifi,38.6182734,27.3651717,9,Heartbeat,3155.0
Number 4,2023-05-08T11:51:38.0000000Z,Wifi,38.6184179,27.365369,9,Heartbeat,3155.0
Number 4,2023-05-08T08:51:17.0000000Z,Wifi,38.6183881,27.3652335,9,Heartbeat,3162.0
Number 4,2023-05-08T05:50:58.0000000Z,Wifi,38.6185013,27.3653388,9,Heartbeat,3162.0
Number 4,2023-05-08T02:50:46.0000000Z,Wifi,38.6182789,27.3652125,9,Heartbeat,3162.0
Number 4,2023-05-07T23:50:24.0000000Z,Wifi,38.6183986,27.3652196,9,Heartbeat,3162.0
Number 4,2023-05-07T20:50:03.0000000Z,Wifi,38.6182619,27.3653889,9,Heartbeat,3162.0
Number 4,2023-05-07T17:49:50.0000000Z,Wifi,38.6183143,27.3653045,9,Heartbeat,3162.0
Number 4,2023-05-07T14:49:25.0000000Z,Wifi,38.6184369,27.3652171,9,Heartbeat,3162.0
Number 4,2023-05-07T11:49:04.0000000Z,Wifi,38.6182803,27.3651834,9,Heartbeat,3162.0
Number 4,2023-05-07T08:48:47.0000000Z,Wifi,38.6183727,27.3652304,9,Heartbeat,3162.0
Number 4,2023-05-07T05:48:33.0000000Z,Wifi,38.61812,27.3653027,9,Heartbeat,3162.0
Number 4,2023-05-07T02:48:11.0000000Z,Wifi,38.6182927,27.3651579,9,Heartbeat,3162.0
Number 4,2023-05-06T23:47:52.0000000Z,Wifi,38.6182875,27.3652363,9,Heartbeat,3162.0
Number 4,2023-05-06T20:47:34.0000000Z,Wifi,38.6183966,27.3652589,9,Heartbeat,3162.0
Number 4,2023-05-06T17:47:20.0000000Z,Wifi,38.6184782,27.3652243,9,Heartbeat,3162.0
Number 4,2023-05-06T14:47:00.0000000Z,Wifi,38.6183993,27.365228,9,Heartbeat,3162.0
Number 4,2023-05-06T11:46:40.0000000Z,Wifi,38.6183349,27.3652562,9,Heartbeat,3162.0
Number 4,2023-05-06T08:46:18.0000000Z,Wifi,38.6183316,27.3652391,9,Heartbeat,3162.0
Number 4,2023-05-06T05:46:00.0000000Z,Wifi,38.6184437,27.3653746,9,Heartbeat,3162.0
Number 4,2023-05-05T23:45:17.0000000Z,Wifi,38.6182454,27.3652264,9,Heartbeat,3162.0
Number 4,2023-05-05T20:44:59.0000000Z,Wifi,38.6183848,27.3653067,9,Heartbeat,3162.0
Number 4,2023-05-05T17:44:39.0000000Z,Wifi,38.6182888,27.3652906,9,Heartbeat,3162.0
Number 4,2023-05-05T14:44:20.0000000Z,Wifi,38.618401,27.3652521,9,Heartbeat,3162.0
Number 4,2023-05-05T11:44:03.0000000Z,Wifi,38.6183306,27.3652024,9,Heartbeat,3162.0
Number 4,2023-05-05T08:43:42.0000000Z,Wifi,38.6183496,27.3652087,9,Heartbeat,3162.0
Number 4,2023-05-05T05:43:25.0000000Z,Wifi,38.6181679,27.3652527,9,Heartbeat,3162.0
Number 4,2023-05-04T22:36:24.0000000Z,Wifi,38.6185098,27.3653688,9,Heartbeat,3162.0
Number 4,2023-05-04T19:36:06.0000000Z,Wifi,38.6182491,27.3652084,9,Heartbeat,3162.0
Number 4,2023-05-04T16:35:46.0000000Z,Wifi,38.6182169,27.3652221,9,Heartbeat,3162.0
Number 4,2023-05-04T13:35:27.0000000Z,Wifi,38.6184409,27.3653117,1,Heartbeat,3162.0
Number 4,2023-05-04T10:35:11.0000000Z,Wifi,38.6185612,27.3653657,1,Heartbeat,3162.0
Number 4,2023-05-04T07:34:49.0000000Z,Wifi,38.6185149,27.3653498,1,Heartbeat,3162.0
Number 4,2023-05-04T06:23:53.0000000Z,Wifi,38.6186109,27.3653498,1,Heartbeat,3162.0
Number 4,2023-05-04T03:23:37.0000000Z,Wifi,38.6185737,27.3652873,1,Heartbeat,3162.0
Number 4,2023-05-04T00:23:15.0000000Z,Wifi,38.6185257,27.3653127,1,Heartbeat,3162.0
Number 4,2023-05-03T21:22:59.0000000Z,Wifi,38.618552,27.365369,1,Heartbeat,3162.0
Number 4,2023-05-03T19:30:18.0000000Z,Wifi,38.6186005,27.3653375,1,Heartbeat,3162.0
Number 4,2023-05-03T16:30:00.0000000Z,Wifi,38.6184235,27.3653406,1,Heartbeat,3162.0
Number 4,2023-05-03T08:35:23.0000000Z,Wifi,38.6186363,27.3653788,1,Heartbeat,3162.0
Number 4,2023-05-03T05:35:00.0000000Z,Wifi,38.6186464,27.3653106,1,Heartbeat,3162.0
Number 4,2023-05-03T02:50:05.0000000Z,Wifi,38.6185639,27.3654587,1,Heartbeat,3162.0
Number 4,2023-05-02T23:49:50.0000000Z,Wifi,38.6185862,27.3654731,1,Heartbeat,3162.0
Number 4,2023-05-02T20:49:31.0000000Z,Wifi,38.6185381,27.3654266,1,Heartbeat,3162.0
Number 4,2023-05-02T17:49:06.0000000Z,Wifi,38.6185325,27.3653978,3,Heartbeat,3162.0
Number 4,2023-05-02T14:47:14.0000000Z,Wifi,38.6185159,27.3655198,3,Heartbeat,3162.0
Number 4,2023-05-02T14:03:25.0000000Z,Wifi,38.6184615,27.3655568,3,Heartbeat,3162.0
Number 4,2023-05-02T12:51:59.0000000Z,Wifi,38.6186079,27.3654374,1,Heartbeat,3162.0
Number 4,2023-05-02T10:24:26.0000000Z,Wifi,38.6182348,27.365287,7,Heartbeat,3162.0
Number 4,2023-05-02T08:40:07.0000000Z,Wifi,38.6184508,27.3657577,12,Heartbeat,3162.0
Number 4,2023-05-02T07:47:34.0000000Z,Wifi,38.6180565,27.3652377,12,Heartbeat,3162.0
Number 4,2023-05-02T06:19:18.0000000Z,Wifi,38.6180573,27.3653029,12,Heartbeat,3162.0
Number 4,2023-05-01T14:50:46.0000000Z,Wifi,38.618086,27.3652527,12,Heartbeat,3162.0
Number 4,2023-04-30T14:50:13.0000000Z,Wifi,38.6181415,27.3652019,12,Heartbeat,3162.0
Number 4,2023-04-29T14:49:53.0000000Z,Wifi,38.6180689,27.3652888,12,Heartbeat,3162.0
Number 4,2023-04-28T14:49:31.0000000Z,Wifi,38.6182073,27.3651613,12,Heartbeat,
Number 4,2023-04-28T12:34:59.0000000Z,Wifi,38.6178062,27.3650249,12,Heartbeat,
Number 4,2023-04-28T11:59:08.0000000Z,Wifi,38.6179901,27.3653002,12,Heartbeat,
Number 4,2023-04-27T13:26:59.0000000Z,Wifi,38.6184223,27.3655824,12,Heartbeat,
Number 4,2023-04-27T12:19:25.0000000Z,Wifi,38.6184301,27.3656937,12,Heartbeat,
Number 4,2023-04-27T07:16:31.0000000Z,Wifi,38.6180098,27.3652667,12,Heartbeat,
0016C001F001C750,2023-05-12T08:40:17.0000000Z,Wifi,38.6187651,27.3647913,9,Heartbeat,3162.0
0016C001F001C750,2023-05-11T08:25:47.0000000Z,Wifi,38.6180548,27.365199,9,Heartbeat,3162.0
0016C001F001C750,2023-05-10T08:25:30.0000000Z,Wifi,38.6181065,27.3651852,9,Heartbeat,3162.0
0016C001F001C750,2023-05-09T10:36:30.0000000Z,Wifi,38.6180634,27.3651655,9,Heartbeat,3162.0
0016C001F001C750,2023-05-09T09:19:03.0000000Z,Wifi,38.6182455,27.3651663,9,Heartbeat,3169.0
0016C001F001C750,2023-05-09T05:53:47.0000000Z,Wifi,38.6182106,27.3651917,9,Heartbeat,3169.0
0016C001F001C750,2023-05-08T21:40:34.0000000Z,Wifi,38.6181928,27.3652151,9,Heartbeat,3169.0
0016C001F001C750,2023-05-08T20:11:30.0000000Z,Wifi,38.618087,27.3652632,9,Heartbeat,3169.0
0016C001F001C750,2023-05-08T09:55:42.0000000Z,Wifi,38.6187408,27.3651602,9,Heartbeat,3169.0
0016C001F001C750,2023-05-08T08:28:51.0000000Z,Wifi,38.6186914,27.3649368,9,Heartbeat,3169.0
0016C001F001C750,2023-05-08T07:42:33.0000000Z,Wifi,38.618698,27.3651478,9,Heartbeat,3169.0
0016C001F001C750,2023-05-07T13:18:45.0000000Z,Wifi,38.618299,27.3652408,9,Heartbeat,3169.0
0016C001F001C750,2023-05-06T13:18:26.0000000Z,Wifi,38.6180695,27.3653433,9,Heartbeat,3169.0
0016C001F001C750,2023-05-05T13:18:13.0000000Z,Wifi,38.6180905,27.3653846,9,Heartbeat,3169.0
0016C001F001C750,2023-05-04T14:23:39.0000000Z,Wifi,38.6180208,27.3652435,1,ElapsedTime,3169.0
0016C001F001C750,2023-05-04T13:14:03.0000000Z,Wifi,38.6186576,27.3653117,1,Heartbeat,3169.0
0016C001F001C750,2023-05-04T05:58:14.0000000Z,Wifi,38.6184485,27.3653308,3,Heartbeat,3169.0
0016C001F001C750,2023-05-03T05:57:55.0000000Z,Wifi,38.6184581,27.3654718,3,Heartbeat,3169.0
0016C001F001C750,2023-05-02T08:40:14.0000000Z,Wifi,38.6180933,27.3652838,12,Heartbeat,3169.0
0016C001F001C750,2023-05-02T07:45:57.0000000Z,Wifi,38.6180216,27.3652844,12,Heartbeat,3169.0
0016C001F001C750,2023-05-02T06:19:47.0000000Z,Wifi,38.6181689,27.3652123,12,Heartbeat,3169.0
0016C001F001C750,2023-05-01T14:19:04.0000000Z,Wifi,38.6181689,27.3652517,12,Heartbeat,3169.0
0016C001F001C750,2023-04-30T14:18:33.0000000Z,Wifi,38.6180975,27.3652412,12,Heartbeat,3169.0
0016C001F001C750,2023-04-29T14:17:59.0000000Z,Wifi,38.6181043,27.3652114,12,Heartbeat,
0016C001F001C750,2023-04-28T14:17:37.0000000Z,Wifi,38.6180455,27.36525,12,Heartbeat,
0016C001F001C750,2023-04-28T12:35:01.0000000Z,Wifi,38.617963,27.3651267,12,Heartbeat,
0016C001F001C750,2023-04-27T12:48:56.0000000Z,Wifi,38.6180025,27.3653092,12,Heartbeat,
0016C001F001C750,2023-04-27T11:04:35.0000000Z,Wifi,38.617976,27.365245,3,Heartbeat,
0016C001F001C750,2023-04-27T08:42:54.0000000Z,Wifi,38.6178545,27.3650968,12,Heartbeat,
0016C001F001C750,2023-04-25T14:55:38.0000000Z,Wifi,38.617976,27.365245,3,Heartbeat,
Number 5,2023-05-12T07:40:57.0000000Z,Wifi,38.6185813,27.3651574,9,Heartbeat,3169.0
Number 5,2023-05-11T09:52:12.0000000Z,Wifi,38.6186364,27.3652213,9,Heartbeat,3169.0
Number 5,2023-05-11T06:50:16.0000000Z,Wifi,38.6185258,27.3651497,9,Heartbeat,3169.0
Number 5,2023-05-11T03:49:59.0000000Z,Wifi,38.6186167,27.3651941,9,Heartbeat,3169.0
Number 5,2023-05-11T00:49:41.0000000Z,Wifi,38.618685,27.3650858,9,Heartbeat,3169.0
Number 5,2023-05-10T21:49:23.0000000Z,Wifi,38.618726,27.3650987,9,Heartbeat,3169.0
Number 5,2023-05-10T18:49:09.0000000Z,Wifi,38.6186256,27.3652065,9,Heartbeat,3169.0
Number 5,2023-05-10T15:48:53.0000000Z,Wifi,38.618576,27.365217,9,Heartbeat,3169.0
Number 5,2023-05-10T12:48:28.0000000Z,Wifi,38.6184291,27.3651344,9,Heartbeat,3169.0
Number 5,2023-05-10T09:48:06.0000000Z,Wifi,38.6184767,27.3651147,9,Heartbeat,3169.0
Number 5,2023-05-10T06:47:52.0000000Z,Wifi,38.6185834,27.3652161,9,Heartbeat,3169.0
Number 5,2023-05-10T03:47:38.0000000Z,Wifi,38.6185141,27.3650942,9,Heartbeat,3169.0
Number 5,2023-05-10T00:47:16.0000000Z,Wifi,38.6185485,27.3651559,9,Heartbeat,3169.0
Number 5,2023-05-09T21:46:57.0000000Z,,,,0,Heartbeat,3169.0
Number 5,2023-05-09T18:46:44.0000000Z,Wifi,38.6186975,27.3651739,9,Heartbeat,3169.0
Number 5,2023-05-09T15:46:25.0000000Z,Wifi,38.6185562,27.3651054,9,Heartbeat,3169.0
Number 5,2023-05-09T12:46:05.0000000Z,Wifi,38.6186694,27.364861,9,Heartbeat,3169.0
Number 5,2023-05-09T09:45:43.0000000Z,Wifi,38.6187152,27.3649974,9,Heartbeat,3169.0
Number 5,2023-05-09T06:45:29.0000000Z,Wifi,38.6186879,27.3650275,9,Heartbeat,3169.0
Number 5,2023-05-09T03:45:10.0000000Z,Wifi,38.618502,27.365022,9,Heartbeat,3169.0
Number 5,2023-05-09T00:44:53.0000000Z,Wifi,38.6186594,27.3651268,9,Heartbeat,3169.0
Number 5,2023-05-08T21:44:39.0000000Z,Wifi,38.6184951,27.3650876,9,Heartbeat,3169.0
Number 5,2023-05-08T18:44:16.0000000Z,Wifi,38.6185407,27.3650528,9,Heartbeat,3169.0
Number 5,2023-05-08T15:44:01.0000000Z,Wifi,38.618479,27.3651282,9,Heartbeat,3169.0
Number 5,2023-05-08T12:43:42.0000000Z,Wifi,38.6187872,27.3652059,9,Heartbeat,3169.0
Number 5,2023-05-08T09:43:24.0000000Z,Wifi,38.6186338,27.3650454,9,Heartbeat,3169.0
Number 5,2023-05-08T06:43:05.0000000Z,Wifi,38.6187323,27.3652462,9,Heartbeat,3169.0
Number 5,2023-05-08T03:42:41.0000000Z,Wifi,38.6187056,27.3652054,9,Heartbeat,3169.0
Number 5,2023-05-08T00:42:29.0000000Z,Wifi,38.6187738,27.3650849,9,Heartbeat,3169.0
Number 5,2023-05-07T21:42:14.0000000Z,Wifi,38.6187265,27.3651527,9,Heartbeat,3169.0
Number 5,2023-05-07T18:41:53.0000000Z,Wifi,38.6185127,27.3651995,9,Heartbeat,3169.0
Number 5,2023-05-07T15:41:36.0000000Z,Wifi,38.6187506,27.3651835,9,Heartbeat,3169.0
Number 5,2023-05-07T12:41:20.0000000Z,Wifi,38.6187107,27.3651441,9,Heartbeat,3169.0
Number 5,2023-05-07T09:41:00.0000000Z,Wifi,38.6184646,27.365144,9,Heartbeat,3169.0
Number 5,2023-05-07T06:40:36.0000000Z,Wifi,38.6187762,27.3651202,9,Heartbeat,3169.0
Number 5,2023-05-07T03:40:13.0000000Z,Wifi,38.6184168,27.3652443,9,Heartbeat,3169.0
Number 5,2023-05-07T00:39:51.0000000Z,Wifi,38.6187368,27.3652052,9,Heartbeat,3169.0
Number 5,2023-05-06T21:44:21.0000000Z,Wifi,38.6186553,27.3652638,9,Heartbeat,3169.0
Number 5,2023-05-06T18:44:02.0000000Z,Wifi,38.6187854,27.3652311,9,Heartbeat,3169.0
Number 5,2023-05-06T16:46:21.0000000Z,Wifi,38.6187186,27.3651193,9,Heartbeat,3169.0
Number 5,2023-05-06T13:46:01.0000000Z,Wifi,38.6187249,27.3652496,9,Heartbeat,3169.0
Number 5,2023-05-06T10:45:44.0000000Z,Wifi,38.6185554,27.3651249,9,Heartbeat,3169.0
Number 5,2023-05-06T07:45:23.0000000Z,Wifi,38.6187324,27.3652909,9,Heartbeat,3169.0
Number 5,2023-05-06T04:45:05.0000000Z,Wifi,38.6186773,27.3652752,9,Heartbeat,3169.0
Number 5,2023-05-06T01:44:42.0000000Z,Wifi,38.6186761,27.3653061,9,Heartbeat,3169.0
Number 5,2023-05-05T22:44:25.0000000Z,Wifi,38.6187208,27.3652855,9,Heartbeat,3169.0
Number 5,2023-05-05T19:44:09.0000000Z,Wifi,38.6187001,27.3652241,9,Heartbeat,3169.0
Number 5,2023-05-05T16:43:53.0000000Z,Wifi,38.6186714,27.3653016,9,Heartbeat,3169.0
Number 5,2023-05-05T13:43:35.0000000Z,Wifi,38.6186827,27.3653046,9,Heartbeat,3169.0
Number 5,2023-05-05T10:43:19.0000000Z,Wifi,38.618712,27.3652271,9,Heartbeat,3169.0
Number 5,2023-05-05T07:43:02.0000000Z,Wifi,38.6186819,27.3652394,9,Heartbeat,3169.0
Number 5,2023-05-05T04:42:41.0000000Z,Wifi,38.6186663,27.365217,9,Heartbeat,3169.0
Number 5,2023-05-05T01:42:21.0000000Z,Wifi,38.6186956,27.3652735,9,Heartbeat,3176.0
Number 5,2023-05-04T22:42:04.0000000Z,Wifi,38.61847,27.3650919,9,Heartbeat,3176.0
Number 5,2023-05-04T16:41:23.0000000Z,Wifi,38.6187166,27.3650704,9,Heartbeat,3176.0
Number 5,2023-05-04T13:41:06.0000000Z,Wifi,38.618675,27.3653178,1,Heartbeat,3176.0
Number 5,2023-05-04T10:40:43.0000000Z,Wifi,38.6184916,27.3653232,3,Heartbeat,3176.0
Number 5,2023-05-04T07:40:23.0000000Z,Wifi,38.6186878,27.3653169,1,Heartbeat,3176.0
Number 5,2023-05-04T04:50:14.0000000Z,Wifi,38.6186959,27.3653791,1,Heartbeat,3176.0
Number 5,2023-05-04T01:49:48.0000000Z,Wifi,38.6186824,27.3652131,1,Heartbeat,3176.0
Number 5,2023-05-03T22:49:35.0000000Z,Wifi,38.6186315,27.3653573,1,Heartbeat,3176.0
Number 5,2023-05-03T19:49:16.0000000Z,Wifi,38.6186918,27.3653131,1,Heartbeat,3176.0
Number 5,2023-05-03T16:49:00.0000000Z,Wifi,38.6186993,27.3652836,1,Heartbeat,3176.0
Number 5,2023-05-03T10:23:16.0000000Z,Wifi,38.61838,27.3657546,1,Heartbeat,3176.0
Number 5,2023-05-02T14:03:27.0000000Z,Wifi,38.6183836,27.365735,3,Heartbeat,3176.0
Number 5,2023-05-02T08:41:01.0000000Z,Wifi,38.6181547,27.3654811,12,Heartbeat,3176.0
Number 5,2023-05-02T07:45:55.0000000Z,Wifi,38.6180061,27.3652801,12,Heartbeat,3176.0
Number 5,2023-05-02T06:19:17.0000000Z,Wifi,38.6181735,27.3652696,12,Heartbeat,3176.0
Number 5,2023-05-01T14:50:40.0000000Z,Wifi,38.6181727,27.3652982,12,Heartbeat,3176.0
Number 5,2023-04-30T14:50:11.0000000Z,Wifi,38.6180811,27.3653043,12,Heartbeat,3176.0
Number 5,2023-04-29T14:49:56.0000000Z,Wifi,38.6180974,27.3652458,12,Heartbeat,
Number 5,2023-04-28T14:49:40.0000000Z,Wifi,38.6181079,27.3652612,12,Heartbeat,
Number 5,2023-04-28T11:59:17.0000000Z,Wifi,38.6179701,27.3651577,12,Heartbeat,
Number 5,2023-04-27T13:26:05.0000000Z,Wifi,38.6182504,27.3655924,12,Heartbeat,
Number 5,2023-04-27T12:18:17.0000000Z,Wifi,38.6180824,27.3653399,12,Heartbeat,
0016C001F001C6EC,2023-05-12T06:06:47.0000000Z,Wifi,38.6180319,27.3651756,9,Heartbeat,3176.0
0016C001F001C6EC,2023-05-11T08:26:01.0000000Z,Wifi,38.6181039,27.3652094,9,Heartbeat,3176.0
0016C001F001C6EC,2023-05-10T08:25:35.0000000Z,Wifi,38.6182139,27.3651414,9,Heartbeat,3176.0
0016C001F001C6EC,2023-05-10T06:21:42.0000000Z,Wifi,38.6182012,27.3651645,9,Heartbeat,3176.0
0016C001F001C6EC,2023-05-09T06:21:27.0000000Z,Wifi,38.6182026,27.365175,9,Heartbeat,3176.0
0016C001F001C6EC,2023-05-07T06:58:42.0000000Z,Wifi,38.6181606,27.3652653,9,Heartbeat,3176.0
0016C001F001C6EC,2023-05-06T06:58:20.0000000Z,Wifi,38.6181189,27.365298,9,Heartbeat,3176.0
0016C001F001C6EC,2023-05-05T06:58:05.0000000Z,Wifi,38.6182034,27.3652712,9,Heartbeat,3176.0
0016C001F001C6EC,2023-05-04T06:57:48.0000000Z,Wifi,38.6185459,27.3654178,1,Heartbeat,3176.0
0016C001F001C6EC,2023-05-03T06:57:28.0000000Z,Wifi,38.6184893,27.3654035,1,Heartbeat,3176.0
0016C001F001C6EC,2023-05-03T05:58:02.0000000Z,Wifi,38.6184979,27.3654105,1,Heartbeat,3183.0
0016C001F001C6EC,2023-05-02T08:33:47.0000000Z,Wifi,38.6180074,27.36528,12,Heartbeat,3183.0
0016C001F001C6EC,2023-05-02T07:50:58.0000000Z,Wifi,38.6180293,27.3652966,12,Heartbeat,3183.0
0016C001F001C6EC,2023-05-02T06:19:43.0000000Z,Wifi,38.6180629,27.3652319,12,Heartbeat,3183.0
0016C001F001C6EC,2023-05-01T14:18:45.0000000Z,Wifi,38.61805,27.3652924,12,Heartbeat,3183.0
0016C001F001C6EC,2023-04-30T14:18:15.0000000Z,Wifi,38.6181034,27.3652626,12,Heartbeat,3183.0
0016C001F001C6EC,2023-04-29T14:17:51.0000000Z,Wifi,38.6180768,27.3652588,12,Heartbeat,3183.0
0016C001F001C6EC,2023-04-28T14:17:36.0000000Z,Wifi,38.6181046,27.3652734,12,Heartbeat,
0016C001F001C6EC,2023-04-28T12:34:54.0000000Z,Wifi,38.617976,27.365245,3,Heartbeat,
0016C001F001C6EC,2023-04-28T11:57:25.0000000Z,Wifi,38.6179765,27.365227,12,Heartbeat,
0016C001F001C6EC,2023-04-27T12:49:07.0000000Z,Wifi,38.6180616,27.3653288,12,Heartbeat,
0016C001F001C6EC,2023-04-27T11:04:38.0000000Z,Wifi,38.6178239,27.3650151,12,Heartbeat,
0016C001F001C6EC,2023-04-27T08:45:23.0000000Z,Wifi,38.617976,27.365245,3,Heartbeat,
0016C001F0081330,2023-05-12T06:06:46.0000000Z,Wifi,38.6181309,27.365201,9,Heartbeat,3169.0
0016C001F0081330,2023-05-11T08:26:13.0000000Z,Wifi,38.6181023,27.3651637,9,Heartbeat,3169.0
0016C001F0081330,2023-05-10T08:25:42.0000000Z,Wifi,38.6180185,27.3652111,9,Heartbeat,3169.0
0016C001F0081330,2023-05-10T06:22:24.0000000Z,Wifi,38.6180124,27.3652074,9,Heartbeat,3169.0
0016C001F0081330,2023-05-09T06:21:48.0000000Z,Wifi,38.6181875,27.3651726,9,Heartbeat,3169.0
0016C001F0081330,2023-05-08T12:58:29.0000000Z,Wifi,38.6181551,27.3652574,9,Heartbeat,3169.0
0016C001F0081330,2023-05-07T07:00:00.0000000Z,Wifi,38.6180966,27.3652696,9,Heartbeat,3169.0
0016C001F0081330,2023-05-06T06:59:33.0000000Z,Wifi,38.6181229,27.3652978,9,Heartbeat,3169.0
0016C001F0081330,2023-05-05T06:59:06.0000000Z,Wifi,38.6180517,27.3653219,9,Heartbeat,3169.0
0016C001F0081330,2023-05-04T06:58:32.0000000Z,Wifi,38.6184341,27.365384,1,Heartbeat,3169.0
0016C001F0081330,2023-05-03T05:57:57.0000000Z,Wifi,38.6184618,27.3654657,3,Heartbeat,3169.0
0016C001F0081330,2023-05-02T08:33:54.0000000Z,Wifi,38.6182087,27.3651981,12,Heartbeat,
0016C001F0081330,2023-05-02T07:45:44.0000000Z,Wifi,38.6180053,27.3652619,12,Heartbeat,
0016C001F0081330,2023-05-02T06:19:00.0000000Z,Wifi,38.6181951,27.3651897,12,Heartbeat,
0016C001F0081330,2023-05-01T07:26:08.0000000Z,Wifi,38.6180735,27.3653194,12,Heartbeat,
0016C001F0081330,2023-04-30T07:25:56.0000000Z,Wifi,38.6180445,27.3652049,12,Heartbeat,
0016C001F0081330,2023-04-29T07:25:37.0000000Z,Wifi,38.6181174,27.3651412,12,Heartbeat,
0016C001F001BFDD,2023-05-12T06:06:36.0000000Z,Wifi,38.6180235,27.3652213,9,Heartbeat,3169.0
0016C001F001BFDD,2023-05-11T08:27:05.0000000Z,Wifi,38.6180748,27.3652041,9,Heartbeat,3169.0
0016C001F001BFDD,2023-05-10T06:22:00.0000000Z,Wifi,38.6181375,27.3651003,9,Heartbeat,3169.0
0016C001F001BFDD,2023-05-09T06:21:32.0000000Z,Wifi,38.6180413,27.3652068,9,Heartbeat,3169.0
0016C001F001BFDD,2023-05-08T12:58:20.0000000Z,Wifi,38.6181474,27.3652482,9,Heartbeat,3169.0
0016C001F001BFDD,2023-05-08T07:13:43.0000000Z,Wifi,38.6180584,27.3653579,9,Heartbeat,3169.0
0016C001F001BFDD,2023-05-08T05:59:35.0000000Z,Wifi,38.6181154,27.365241,9,Heartbeat,3169.0
0016C001F001BFDD,2023-05-07T05:59:18.0000000Z,Wifi,38.6181043,27.3652219,9,Heartbeat,3169.0
0016C001F001BFDD,2023-05-06T05:59:00.0000000Z,Wifi,38.618138,27.3652831,9,Heartbeat,3169.0
0016C001F001BFDD,2023-05-05T05:58:37.0000000Z,Wifi,38.6180229,27.3652544,9,Heartbeat,3169.0
0016C001F001BFDD,2023-05-04T05:58:20.0000000Z,Wifi,38.6184308,27.3654403,3,Heartbeat,3169.0
0016C001F001BFDD,2023-05-02T06:19:29.0000000Z,Wifi,38.6180978,27.3652258,12,Heartbeat,3176.0
0016C001F001BFDD,2023-05-01T14:18:34.0000000Z,Wifi,38.618046,27.3652844,12,Heartbeat,3176.0
0016C001F001BFDD,2023-04-30T14:18:12.0000000Z,Wifi,38.6181978,27.3651808,12,Heartbeat,3176.0
0016C001F001BFDD,2023-04-29T14:17:52.0000000Z,Wifi,38.6182278,27.3651738,12,Heartbeat,
0016C001F001BFDD,2023-04-28T14:17:31.0000000Z,Wifi,38.6181139,27.3653129,12,Heartbeat,
0016C001F001BFDD,2023-04-28T12:35:15.0000000Z,Wifi,38.6179276,27.3651504,12,Heartbeat,
0016C001F001BFDD,2023-04-28T12:01:41.0000000Z,Wifi,38.617965,27.3651202,12,Heartbeat,
0016C001F001BFDD,2023-04-27T12:48:59.0000000Z,Wifi,38.6179942,27.3653124,12,Heartbeat,
0016C001F001BFDD,2023-04-25T17:03:24.0000000Z,Wifi,38.6178476,27.3651298,12,Heartbeat,
0016C001F001A0DC,2023-05-12T06:06:32.0000000Z,Wifi,38.6180907,27.3652288,9,Heartbeat,3155.0
0016C001F001A0DC,2023-05-10T08:25:22.0000000Z,Wifi,38.6179971,27.365204,9,Heartbeat,3155.0
0016C001F001A0DC,2023-05-10T06:21:50.0000000Z,Wifi,38.6180791,27.365159,9,Heartbeat,3155.0
0016C001F001A0DC,2023-05-08T12:58:19.0000000Z,Wifi,38.6181991,27.3651781,9,Heartbeat,3155.0
0016C001F001A0DC,2023-05-07T06:58:50.0000000Z,Wifi,38.6181414,27.3652749,9,Heartbeat,3155.0
0016C001F001A0DC,2023-05-06T06:58:30.0000000Z,Wifi,38.6182653,27.3652504,9,Heartbeat,3155.0
0016C001F001A0DC,2023-05-05T06:58:13.0000000Z,Wifi,38.6181663,27.3653025,9,Heartbeat,3155.0
0016C001F001A0DC,2023-05-04T06:57:56.0000000Z,Wifi,38.6184523,27.3653839,1,Heartbeat,3155.0
0016C001F001A0DC,2023-05-03T06:57:29.0000000Z,Wifi,38.6183475,27.3654721,1,Heartbeat,3155.0
0016C001F001A0DC,2023-05-03T05:57:58.0000000Z,Wifi,38.6183354,27.3653517,1,Heartbeat,3155.0
0016C001F001A0DC,2023-05-02T08:27:41.0000000Z,Wifi,38.6182116,27.3652083,12,Heartbeat,3155.0
0016C001F001A0DC,2023-05-02T07:46:01.0000000Z,Wifi,38.6180114,27.3651749,12,Heartbeat,3155.0
0016C001F001A0DC,2023-05-02T06:19:37.0000000Z,Wifi,38.618043,27.3652626,12,Heartbeat,3155.0
0016C001F001A0DC,2023-05-01T14:18:33.0000000Z,Wifi,38.6180727,27.3652999,12,Heartbeat,3155.0
0016C001F001A0DC,2023-04-30T14:18:07.0000000Z,Wifi,38.6182324,27.3652034,12,Heartbeat,3155.0
0016C001F001A0DC,2023-04-29T14:17:47.0000000Z,Wifi,38.6180447,27.3652947,12,Heartbeat,
0016C001F001A0DC,2023-04-28T14:17:33.0000000Z,Wifi,38.6181783,27.3652094,12,Heartbeat,
0016C001F001A0DC,2023-04-28T11:59:03.0000000Z,Wifi,38.6179713,27.3652218,12,Heartbeat,
0016C001F001A0DC,2023-04-27T12:49:03.0000000Z,Wifi,38.6179895,27.365301,12,Heartbeat,
0016C001F001C02F,2023-05-12T06:06:31.0000000Z,Wifi,38.6180758,27.3652162,9,Heartbeat,3155.0
0016C001F001C02F,2023-05-11T08:25:43.0000000Z,Wifi,38.6180435,27.3652175,9,Heartbeat,3155.0
0016C001F001C02F,2023-05-10T06:24:05.0000000Z,Wifi,38.6185317,27.3649456,9,Heartbeat,3162.0
0016C001F001C02F,2023-05-08T06:04:24.0000000Z,Wifi,38.6180718,27.3652242,9,Heartbeat,3162.0
0016C001F001C02F,2023-05-06T05:58:41.0000000Z,Wifi,38.6181789,27.3652814,9,Heartbeat,3162.0
0016C001F001C02F,2023-05-05T05:58:25.0000000Z,Wifi,38.618217,27.3652264,9,Heartbeat,3162.0
0016C001F001C02F,2023-05-04T05:58:11.0000000Z,Wifi,38.6184933,27.3653769,1,Heartbeat,3162.0
0016C001F001C02F,2023-05-02T08:32:45.0000000Z,Wifi,38.6181609,27.3652531,12,Heartbeat,3162.0
0016C001F001C02F,2023-05-02T06:19:26.0000000Z,Wifi,38.6180296,27.3652594,12,Heartbeat,
0016C001F001C02F,2023-05-01T06:55:19.0000000Z,Wifi,38.6180831,27.3652649,12,Heartbeat,
0016C001F001C02F,2023-04-30T06:55:01.0000000Z,Wifi,38.6180563,27.365227,12,Heartbeat,
0016C001F00811F9,2023-05-11T08:25:37.0000000Z,Wifi,38.618072,27.3652027,9,Heartbeat,3169.0
0016C001F00811F9,2023-05-10T08:25:28.0000000Z,Wifi,38.6180846,27.365158,9,Heartbeat,3169.0
0016C001F00811F9,2023-05-09T06:21:25.0000000Z,Wifi,38.618042,27.3651349,9,Heartbeat,3169.0
0016C001F00811F9,2023-05-08T12:58:25.0000000Z,Wifi,38.6181992,27.3654306,9,Heartbeat,3169.0
0016C001F00811F9,2023-05-08T07:13:46.0000000Z,Wifi,38.6180392,27.3653801,9,Heartbeat,3169.0
0016C001F00811F9,2023-05-07T08:11:45.0000000Z,Wifi,38.6181636,27.3653064,9,Heartbeat,3176.0
0016C001F00811F9,2023-05-06T08:11:33.0000000Z,Wifi,38.6181052,27.3653275,9,Heartbeat,3176.0
0016C001F00811F9,2023-05-05T08:11:23.0000000Z,Wifi,38.6181426,27.3653599,9,Heartbeat,3176.0
0016C001F00811F9,2023-05-04T08:11:03.0000000Z,Wifi,38.6186299,27.3653815,1,Heartbeat,3176.0
0016C001F00811F9,2023-05-03T06:57:36.0000000Z,Wifi,38.6184365,27.3655432,3,Heartbeat,3176.0
0016C001F00811F9,2023-05-02T08:33:48.0000000Z,Wifi,38.618052,27.3652758,12,Heartbeat,3176.0
0016C001F00811F9,2023-05-01T14:20:35.0000000Z,Wifi,38.618172,27.3652342,12,Heartbeat,3176.0
0016C001F00811F9,2023-04-30T14:20:21.0000000Z,Wifi,38.6182255,27.3651702,12,Heartbeat,3176.0
0016C001F00811F9,2023-04-29T14:19:59.0000000Z,Wifi,38.6182066,27.3651772,12,Heartbeat,3176.0
0016C001F00811F9,2023-04-28T14:19:35.0000000Z,Wifi,38.6180522,27.3652886,12,Heartbeat,
0016C001F00811F9,2023-04-28T12:34:45.0000000Z,Wifi,38.617976,27.365245,3,Heartbeat,
0016C001F00811F9,2023-04-28T12:28:21.0000000Z,Wifi,38.617976,27.365245,3,ElapsedTime,
0016C001F00811F9,2023-04-27T12:49:08.0000000Z,Wifi,38.6179545,27.3651949,12,Heartbeat,
0016C001F001C7DC,2023-05-12T06:06:30.0000000Z,Wifi,38.6180857,27.3652083,9,Heartbeat,3162.0
0016C001F001C7DC,2023-05-11T08:25:54.0000000Z,Wifi,38.6180596,27.3652078,9,Heartbeat,3162.0
0016C001F001C7DC,2023-05-10T08:25:32.0000000Z,Wifi,38.6181054,27.3652053,9,Heartbeat,3162.0
0016C001F001C7DC,2023-05-10T06:22:21.0000000Z,Wifi,38.6182325,27.3651383,9,Heartbeat,3162.0
0016C001F001C7DC,2023-05-07T06:59:24.0000000Z,Wifi,38.6180963,27.3652702,9,Heartbeat,3162.0
0016C001F001C7DC,2023-05-06T06:58:59.0000000Z,Wifi,38.6180853,27.3653449,9,Heartbeat,3169.0
0016C001F001C7DC,2023-05-05T06:58:46.0000000Z,Wifi,38.618114,27.3652733,9,Heartbeat,3169.0
0016C001F001C7DC,2023-05-04T06:58:12.0000000Z,Wifi,38.6184919,27.3654462,3,Heartbeat,3169.0
0016C001F001C7DC,2023-05-03T06:57:33.0000000Z,Wifi,38.6184101,27.3653377,1,Heartbeat,3169.0
0016C001F001C7DC,2023-05-02T08:28:43.0000000Z,Wifi,38.6180487,27.3652788,12,Heartbeat,3169.0
0016C001F001C7DC,2023-05-02T06:19:20.0000000Z,Wifi,38.6180489,27.3652397,12,Heartbeat,3169.0
0016C001F001C7DC,2023-05-01T14:18:24.0000000Z,Wifi,38.6180514,27.3652786,12,Heartbeat,3169.0
0016C001F001C7DC,2023-04-30T14:18:03.0000000Z,Wifi,38.6181074,27.3652225,12,Heartbeat,3169.0
0016C001F001C7DC,2023-04-29T14:17:49.0000000Z,Wifi,38.6180542,27.3652892,12,Heartbeat,3169.0
0016C001F001C7DC,2023-04-28T12:34:58.0000000Z,Wifi,38.617976,27.365245,3,Heartbeat,
0016C001F001C7DC,2023-04-27T12:51:28.0000000Z,Wifi,38.6179602,27.3651922,12,Heartbeat,
0016C001F0084DDA,2023-05-11T08:25:48.0000000Z,Wifi,38.6181108,27.3651885,9,Heartbeat,3169.0
0016C001F0084DDA,2023-05-10T06:21:43.0000000Z,Wifi,38.6182978,27.3651111,9,Heartbeat,3169.0
0016C001F0084DDA,2023-05-07T06:58:41.0000000Z,Wifi,38.6181354,27.3653994,9,Heartbeat,3169.0
0016C001F0084DDA,2023-05-06T06:58:19.0000000Z,Wifi,38.6181843,27.3653087,9,Heartbeat,3169.0
0016C001F0084DDA,2023-05-05T06:58:01.0000000Z,Wifi,38.6180728,27.3652399,9,Heartbeat,3169.0
0016C001F0084DDA,2023-05-04T06:57:45.0000000Z,Wifi,38.6185621,27.3653665,1,Heartbeat,3169.0
0016C001F0084DDA,2023-05-03T05:57:56.0000000Z,Wifi,38.6185062,27.3654167,1,Heartbeat,3176.0
0016C001F0084DDA,2023-05-02T08:33:41.0000000Z,Wifi,38.6180092,27.365233,12,Heartbeat,3176.0
0016C001F0084DDA,2023-05-02T06:19:16.0000000Z,Wifi,38.618074,27.3652549,12,Heartbeat,3176.0
0016C001F0084DDA,2023-05-01T14:17:53.0000000Z,Wifi,38.6180558,27.3652907,12,Heartbeat,3176.0
0016C001F0084DDA,2023-04-30T14:17:35.0000000Z,Wifi,38.6180833,27.3652577,12,Heartbeat,3176.0
0016C001F0084DDA,2023-04-29T14:17:21.0000000Z,Wifi,38.6182449,27.3651757,12,Heartbeat,
0016C001F0084DDA,2023-04-28T14:17:04.0000000Z,Wifi,38.6180407,27.3651982,12,Heartbeat,
0016C001F0084DDA,2023-04-28T13:42:57.0000000Z,Wifi,38.617959,27.365232,3,Heartbeat,
0016C001F001C711,2023-05-11T08:25:44.0000000Z,Wifi,38.6180457,27.3651826,9,Heartbeat,3169.0
0016C001F001C711,2023-05-08T12:58:13.0000000Z,Wifi,38.6180443,27.3654569,9,Heartbeat,3169.0
0016C001F001C711,2023-05-07T06:59:23.0000000Z,Wifi,38.6181061,27.3653299,9,Heartbeat,3169.0
0016C001F001C711,2023-05-06T06:58:58.0000000Z,Wifi,38.6181992,27.3653926,9,Heartbeat,3169.0
0016C001F001C711,2023-05-05T06:58:30.0000000Z,Wifi,38.6181358,27.3652765,9,Heartbeat,3169.0
0016C001F001C711,2023-05-04T06:58:04.0000000Z,Wifi,38.6184766,27.3653991,1,Heartbeat,3169.0
0016C001F001C711,2023-05-03T06:57:40.0000000Z,Wifi,38.6184691,27.3655055,3,Heartbeat,3176.0
0016C001F001C711,2023-05-03T05:57:59.0000000Z,Wifi,38.6184242,27.3654221,3,Heartbeat,3176.0
0016C001F001C711,2023-05-02T06:19:19.0000000Z,Wifi,38.6181554,27.3652563,12,Heartbeat,3176.0
0016C001F001C711,2023-05-01T14:20:45.0000000Z,Wifi,38.6180747,27.3652505,12,Heartbeat,3176.0
0016C001F001C711,2023-04-30T14:20:27.0000000Z,Wifi,38.6182438,27.3651809,12,Heartbeat,3176.0
0016C001F001C711,2023-04-29T14:20:11.0000000Z,Wifi,38.6182034,27.3651559,12,Heartbeat,3176.0
0016C001F001C711,2023-04-28T12:35:58.0000000Z,Wifi,38.617976,27.365245,3,Heartbeat,
0016C001F001C711,2023-04-27T12:49:05.0000000Z,Wifi,38.6179802,27.3651606,12,Heartbeat,
0016C001F00854D2,2023-05-12T06:06:29.0000000Z,Wifi,38.6180739,27.3651747,9,Heartbeat,3169.0
0016C001F00854D2,2023-05-10T06:21:39.0000000Z,Wifi,38.618162,27.3651321,9,Heartbeat,3169.0
0016C001F00854D2,2023-05-07T06:59:20.0000000Z,Wifi,38.6180749,27.3652783,9,Heartbeat,3169.0
0016C001F00854D2,2023-05-06T06:58:57.0000000Z,Wifi,38.6180995,27.3653019,9,Heartbeat,3176.0
0016C001F00854D2,2023-05-05T06:58:26.0000000Z,Wifi,38.6181548,27.3652923,9,Heartbeat,3176.0
0016C001F00854D2,2023-05-04T06:57:58.0000000Z,Wifi,38.6184799,27.3654145,3,Heartbeat,3176.0
0016C001F00854D2,2023-05-03T06:57:39.0000000Z,Wifi,38.6182766,27.365314,1,Heartbeat,3176.0
0016C001F00854D2,2023-05-02T08:28:34.0000000Z,Wifi,38.6180567,27.3652726,12,Heartbeat,3176.0
0016C001F00854D2,2023-05-02T07:45:48.0000000Z,Wifi,38.6181345,27.3653133,12,Heartbeat,3176.0
0016C001F00854D2,2023-05-02T06:19:24.0000000Z,Wifi,38.6180771,27.3652528,12,Heartbeat,3176.0
0016C001F00854D2,2023-05-01T14:18:36.0000000Z,Wifi,38.6180535,27.3652788,12,Heartbeat,3176.0
0016C001F00854D2,2023-04-30T14:18:19.0000000Z,Wifi,38.6182371,27.3651786,12,Heartbeat,3176.0
0016C001F00854D2,2023-04-29T14:17:58.0000000Z,Wifi,38.618192,27.3652222,12,Heartbeat,
0016C001F001C6B8,2023-05-12T06:06:28.0000000Z,Wifi,38.6181821,27.3651624,9,Heartbeat,3176.0
0016C001F001C6B8,2023-05-11T08:25:42.0000000Z,Wifi,38.6182302,27.3651568,9,Heartbeat,3176.0
0016C001F001C6B8,2023-05-10T06:21:37.0000000Z,Wifi,38.6180214,27.3652107,9,Heartbeat,3176.0
0016C001F001C6B8,2023-05-09T06:21:26.0000000Z,Wifi,38.6181026,27.365176,9,Heartbeat,3176.0
0016C001F001C6B8,2023-05-07T07:00:56.0000000Z,Wifi,38.6180824,27.3652759,9,Heartbeat,3176.0
0016C001F001C6B8,2023-05-06T06:58:14.0000000Z,Wifi,38.6181954,27.3652523,9,Heartbeat,3176.0
0016C001F001C6B8,2023-05-02T08:33:39.0000000Z,Wifi,38.618026,27.3652968,12,Heartbeat,3176.0
0016C001F001C6B8,2023-05-02T07:45:40.0000000Z,Wifi,38.6179773,27.3652404,12,Heartbeat,3176.0
0016C001F001C6B8,2023-05-02T06:19:31.0000000Z,Wifi,38.6181372,27.3652296,12,Heartbeat,3176.0
0016C001F001C6B8,2023-05-01T14:20:50.0000000Z,Wifi,38.6180719,27.3652847,12,Heartbeat,3176.0
0016C001F001C6B8,2023-04-30T14:20:24.0000000Z,Wifi,38.6180839,27.3652465,12,Heartbeat,3176.0
0016C001F001C6B8,2023-04-29T14:20:06.0000000Z,Wifi,38.6182777,27.3651566,12,Heartbeat,
0016C001F001C6B8,2023-04-28T14:19:42.0000000Z,Wifi,38.6181453,27.3652718,12,Heartbeat,
0016C001F001C6B8,2023-04-28T12:05:32.0000000Z,Wifi,38.6178527,27.3651191,12,Heartbeat,
0016C001F001C725,2023-05-12T06:06:27.0000000Z,Wifi,38.6180641,27.3651996,9,Heartbeat,3176.0
0016C001F001C725,2023-05-08T12:58:08.0000000Z,Wifi,38.6180436,27.3654371,9,Heartbeat,3176.0
0016C001F001C725,2023-05-08T07:13:37.0000000Z,Wifi,38.6180969,27.3654447,9,Heartbeat,3176.0
0016C001F001C725,2023-05-07T08:06:55.0000000Z,Wifi,38.6181502,27.3653396,9,Heartbeat,3176.0
0016C001F001C725,2023-05-06T08:06:36.0000000Z,Wifi,38.6181554,27.3654025,9,Heartbeat,3176.0
0016C001F001C725,2023-05-05T08:06:22.0000000Z,Wifi,38.6181038,27.3652913,9,Heartbeat,3176.0
0016C001F001C725,2023-05-04T08:06:03.0000000Z,Wifi,38.618461,27.3654218,3,Heartbeat,3176.0
0016C001F001C725,2023-05-04T05:58:09.0000000Z,Wifi,38.6185757,27.3654278,1,Heartbeat,3176.0
0016C001F001C725,2023-05-03T05:57:49.0000000Z,Wifi,38.6185682,27.3653597,1,Heartbeat,3176.0
0016C001F001C725,2023-05-02T08:33:40.0000000Z,Wifi,38.6181477,27.3652514,12,Heartbeat,3176.0
0016C001F001C725,2023-05-02T07:45:51.0000000Z,Wifi,38.6181376,27.365245,12,Heartbeat,3176.0
0016C001F001C725,2023-05-02T06:19:39.0000000Z,Wifi,38.6180784,27.365268,12,Heartbeat,3176.0
0016C001F001C725,2023-05-01T14:18:46.0000000Z,Wifi,38.6181062,27.3652637,12,Heartbeat,3176.0
0016C001F001C725,2023-04-30T14:18:13.0000000Z,Wifi,38.6180613,27.365192,12,Heartbeat,3176.0
0016C001F001C725,2023-04-28T14:17:40.0000000Z,Wifi,38.6181055,27.3652194,12,Heartbeat,
0016C001F001C725,2023-04-28T12:34:57.0000000Z,Wifi,38.6178747,27.3651023,12,Heartbeat,
0016C001F001C725,2023-04-28T11:58:33.0000000Z,Wifi,38.6179278,27.3652107,12,Heartbeat,
0016C001F001C725,2023-04-27T11:04:39.0000000Z,Wifi,38.617976,27.365245,3,Heartbeat,
0016C001F001C725,2023-04-27T08:43:03.0000000Z,Wifi,38.617976,27.365245,3,Heartbeat,
0016C001F001C79B,2023-05-12T06:06:26.0000000Z,Wifi,38.6180125,27.3651977,9,Heartbeat,3169.0
0016C001F001C79B,2023-05-10T08:25:23.0000000Z,Wifi,38.6181221,27.3651828,9,Heartbeat,3169.0
0016C001F001C79B,2023-05-10T06:21:52.0000000Z,Wifi,38.6183489,27.3650927,9,Heartbeat,3169.0
0016C001F001C79B,2023-05-08T12:58:23.0000000Z,Wifi,38.6181796,27.3652155,9,Heartbeat,3169.0
0016C001F001C79B,2023-05-08T07:13:49.0000000Z,Wifi,38.6180749,27.3654511,9,Heartbeat,3176.0
0016C001F001C79B,2023-05-07T08:12:02.0000000Z,Wifi,38.618223,27.3653589,9,Heartbeat,3176.0
0016C001F001C79B,2023-05-06T08:11:41.0000000Z,Wifi,38.6181552,27.3652272,9,Heartbeat,3176.0
0016C001F001C79B,2023-05-05T08:11:25.0000000Z,Wifi,38.6181109,27.3653443,9,Heartbeat,3176.0
0016C001F001C79B,2023-05-02T08:27:31.0000000Z,Wifi,38.61814,27.3652209,12,Heartbeat,3176.0
0016C001F001C79B,2023-05-02T07:55:06.0000000Z,Wifi,38.6180433,27.3652532,12,Heartbeat,3176.0
0016C001F001C79B,2023-05-02T06:19:38.0000000Z,Wifi,38.6180699,27.3652487,12,Heartbeat,3176.0
0016C001F001C79B,2023-05-01T14:20:46.0000000Z,Wifi,38.6180673,27.3652793,12,Heartbeat,3176.0
0016C001F001C79B,2023-04-29T14:20:08.0000000Z,Wifi,38.618126,27.3652664,12,Heartbeat,
0016C001F001C79B,2023-04-28T12:28:37.0000000Z,Wifi,38.617976,27.365245,3,ElapsedTime,
0016C001F001C79B,2023-04-27T12:49:06.0000000Z,Wifi,38.6180065,27.365296,12,Heartbeat,
0016C001F001C79B,2023-04-27T12:10:40.0000000Z,Wifi,38.617976,27.365245,3,Heartbeat,
0016C001F001C6AE,2023-05-10T06:21:57.0000000Z,Wifi,38.6181034,27.3651732,9,Heartbeat,3176.0
0016C001F001C6AE,2023-05-09T06:21:37.0000000Z,Wifi,38.6182023,27.3651205,9,Heartbeat,3176.0
0016C001F001C6AE,2023-05-08T12:58:14.0000000Z,Wifi,38.6181483,27.3654178,9,Heartbeat,3176.0
0016C001F001C6AE,2023-05-07T12:01:28.0000000Z,Wifi,38.6181766,27.3652526,9,Heartbeat,3176.0
0016C001F001C6AE,2023-05-06T12:01:07.0000000Z,Wifi,38.6181089,27.3653164,9,Heartbeat,3176.0
0016C001F001C6AE,2023-05-05T12:00:46.0000000Z,Wifi,38.6181396,27.3653802,9,Heartbeat,3176.0
0016C001F001C6AE,2023-05-05T08:42:25.0000000Z,Wifi,38.6181752,27.3652718,9,Heartbeat,3176.0
0016C001F001C6AE,2023-05-05T08:07:10.0000000Z,Wifi,38.6181106,27.3653289,9,Heartbeat,3176.0
0016C001F001C6AE,2023-05-04T08:06:54.0000000Z,Wifi,38.6184431,27.3654092,3,Heartbeat,3176.0
0016C001F001C6AE,2023-05-04T06:57:57.0000000Z,Wifi,38.6185566,27.3654239,1,Heartbeat,3176.0
0016C001F001C6AE,2023-05-03T05:58:01.0000000Z,Wifi,38.6184338,27.3654685,3,Heartbeat,3176.0
0016C001F001C6AE,2023-05-02T08:33:51.0000000Z,Wifi,38.6180575,27.3652704,12,Heartbeat,3176.0
0016C001F001C6AE,2023-05-02T07:45:50.0000000Z,Wifi,38.6180151,27.3652819,12,Heartbeat,3176.0
0016C001F001C6AE,2023-05-02T06:19:41.0000000Z,Wifi,38.6180871,27.3652662,12,Heartbeat,3176.0
0016C001F001C6AE,2023-05-01T14:18:39.0000000Z,Wifi,38.6180168,27.3652579,12,Heartbeat,3176.0
0016C001F001C6AE,2023-04-30T14:18:08.0000000Z,Wifi,38.6180665,27.3652664,12,Heartbeat,3176.0
0016C001F001C6AE,2023-04-28T12:03:58.0000000Z,Wifi,38.617976,27.365245,3,Heartbeat,
0016C001F001C6AE,2023-04-27T11:04:27.0000000Z,Wifi,38.617959,27.365232,3,Heartbeat,
0016C001F001C6AE,2023-04-27T08:43:02.0000000Z,Wifi,38.6178695,27.3650721,12,Heartbeat,
0016C001F001C6AE,2023-04-25T14:40:43.0000000Z,Wifi,38.617959,27.365232,3,Heartbeat,
0016C001F001A6A5,2023-05-12T06:06:24.0000000Z,Wifi,38.6180079,27.365244,9,Heartbeat,3155.0
0016C001F001A6A5,2023-05-11T08:25:53.0000000Z,Wifi,38.6181154,27.3652046,9,Heartbeat,3155.0
0016C001F001A6A5,2023-05-10T08:25:33.0000000Z,Wifi,38.6180649,27.3652391,9,Heartbeat,3155.0
0016C001F001A6A5,2023-05-10T06:29:23.0000000Z,Wifi,38.6182197,27.3651726,9,Heartbeat,3162.0
0016C001F001A6A5,2023-05-09T06:28:49.0000000Z,Wifi,38.6181724,27.3651733,9,Heartbeat,3162.0
0016C001F001A6A5,2023-05-07T07:00:26.0000000Z,Wifi,38.6180826,27.365273,9,Heartbeat,3162.0
0016C001F001A6A5,2023-05-05T06:59:26.0000000Z,Wifi,38.6181158,27.3652765,9,Heartbeat,3162.0
0016C001F001A6A5,2023-05-04T06:58:29.0000000Z,Wifi,38.6184572,27.3654252,3,Heartbeat,3162.0
0016C001F001A6A5,2023-05-03T05:57:51.0000000Z,Wifi,38.6185185,27.3654596,1,Heartbeat,3162.0
0016C001F001A6A5,2023-05-02T08:33:49.0000000Z,Wifi,38.6182266,27.3651871,12,Heartbeat,3162.0
0016C001F001A6A5,2023-05-02T07:45:49.0000000Z,Wifi,38.6180243,27.3652767,12,Heartbeat,
0016C001F001A6A5,2023-05-01T07:24:13.0000000Z,Wifi,38.6180527,27.3652726,12,Heartbeat,
0016C001F001A6A5,2023-04-30T07:23:54.0000000Z,Wifi,38.6180389,27.3652262,12,Heartbeat,
0016C001F001A6A5,2023-04-29T06:47:29.0000000Z,Wifi,38.6178255,27.365101,12,Heartbeat,
0016C001F001C13F,2023-05-12T06:06:21.0000000Z,Wifi,38.6180513,27.3651771,9,Heartbeat,3169.0
0016C001F001C13F,2023-05-10T08:25:26.0000000Z,Wifi,38.6181212,27.3652316,9,Heartbeat,3169.0
0016C001F001C13F,2023-05-10T06:24:13.0000000Z,Wifi,38.6182701,27.3651437,9,Heartbeat,3169.0
0016C001F001C13F,2023-05-07T06:58:58.0000000Z,Wifi,38.6181265,27.365277,9,Heartbeat,3169.0
0016C001F001C13F,2023-05-06T06:58:33.0000000Z,Wifi,38.6181754,27.3652829,9,Heartbeat,3169.0
0016C001F001C13F,2023-05-05T06:58:20.0000000Z,Wifi,38.6181521,27.3652797,9,Heartbeat,3169.0
0016C001F001C13F,2023-05-04T06:58:00.0000000Z,Wifi,38.618623,27.3653815,1,Heartbeat,3169.0
0016C001F001C13F,2023-05-03T06:57:38.0000000Z,Wifi,38.6184767,27.3654148,1,Heartbeat,3176.0
0016C001F001C13F,2023-05-03T05:57:54.0000000Z,Wifi,38.6184079,27.365401,3,Heartbeat,3176.0
0016C001F001C13F,2023-05-02T08:28:49.0000000Z,Wifi,38.6180641,27.3652824,12,Heartbeat,3176.0
0016C001F001C13F,2023-05-02T07:45:56.0000000Z,Wifi,38.6180618,27.365266,12,Heartbeat,3176.0
0016C001F001C13F,2023-05-02T06:19:27.0000000Z,Wifi,38.6180713,27.3652772,12,Heartbeat,3176.0
0016C001F001C13F,2023-05-01T07:21:35.0000000Z,Wifi,38.6180666,27.3653091,12,Heartbeat,3176.0
0016C001F001C13F,2023-04-30T07:21:14.0000000Z,Wifi,38.6181092,27.3652273,12,Heartbeat,3176.0
0016C001F001C13F,2023-04-29T07:20:52.0000000Z,Wifi,38.6182116,27.3651295,12,Heartbeat,
0016C001F001C13F,2023-04-28T14:16:44.0000000Z,Wifi,38.6182003,27.3652081,12,Heartbeat,
0016C001F001C717,2023-05-12T06:06:20.0000000Z,Wifi,38.6180374,27.3651963,9,Heartbeat,3162.0
0016C001F001C717,2023-05-10T06:21:45.0000000Z,Wifi,38.6181427,27.3651471,9,Heartbeat,3162.0
0016C001F001C717,2023-05-08T13:00:32.0000000Z,Wifi,38.6181412,27.3652106,9,Heartbeat,3162.0
0016C001F001C717,2023-05-07T06:59:25.0000000Z,Wifi,38.6181223,27.365247,9,Heartbeat,3162.0
0016C001F001C717,2023-05-05T06:58:35.0000000Z,Wifi,38.6181443,27.3651918,9,Heartbeat,3162.0
0016C001F001C717,2023-05-04T06:58:06.0000000Z,Wifi,38.618358,27.3654066,1,Heartbeat,3162.0
0016C001F001C717,2023-05-02T08:28:40.0000000Z,Wifi,38.6182402,27.3651774,12,Heartbeat,3162.0
0016C001F001C717,2023-05-02T07:45:53.0000000Z,Wifi,38.6180201,27.3652555,12,Heartbeat,3162.0
0016C001F001C717,2023-05-02T06:19:35.0000000Z,Wifi,38.6181755,27.3652439,12,Heartbeat,3162.0
0016C001F001C717,2023-05-01T14:21:10.0000000Z,Wifi,38.6181807,27.3652348,12,Heartbeat,3162.0
0016C001F001C717,2023-04-30T14:20:38.0000000Z,Wifi,38.618115,27.3652144,12,Heartbeat,3162.0
0016C001F001C717,2023-04-28T12:36:27.0000000Z,Wifi,38.617959,27.365232,3,Heartbeat,
0016C001F001C717,2023-04-28T12:01:38.0000000Z,Wifi,38.6178314,27.3650886,12,Heartbeat,
0016C001F001C717,2023-04-27T12:49:15.0000000Z,Wifi,38.6179746,27.3651837,12,Heartbeat,
0016C001F001C717,2023-04-25T14:55:42.0000000Z,Wifi,38.6178416,27.3650442,12,Heartbeat,
0016C001F001C717,2023-04-25T14:05:14.0000000Z,Wifi,38.617976,27.365245,3,Heartbeat,
Number 1,2023-05-12T05:59:12.0000000Z,Wifi,38.6182424,27.3652495,9,Heartbeat,3162.0
Number 1,2023-05-12T02:58:57.0000000Z,Wifi,38.6181833,27.3652466,9,Heartbeat,3162.0
Number 1,2023-05-11T23:58:38.0000000Z,Wifi,38.6181346,27.3652092,9,Heartbeat,3162.0
Number 1,2023-05-11T20:58:22.0000000Z,Wifi,38.6181802,27.3652727,9,Heartbeat,3162.0
Number 1,2023-05-11T17:58:05.0000000Z,Wifi,38.6182505,27.3652242,9,Heartbeat,3162.0
Number 1,2023-05-11T14:57:44.0000000Z,Wifi,38.6181499,27.3652741,9,Heartbeat,3162.0
Number 1,2023-05-11T11:57:30.0000000Z,Wifi,38.6182287,27.3651803,9,Heartbeat,3162.0
Number 1,2023-05-11T08:57:07.0000000Z,Wifi,38.6182365,27.3652194,9,Heartbeat,3162.0
Number 1,2023-05-11T05:56:51.0000000Z,Wifi,38.6181327,27.3652788,9,Heartbeat,3162.0
Number 1,2023-05-11T02:56:39.0000000Z,Wifi,38.6182294,27.365235,9,Heartbeat,3162.0
Number 1,2023-05-10T23:56:17.0000000Z,Wifi,38.6181429,27.3652276,9,Heartbeat,3162.0
Number 1,2023-05-10T20:55:52.0000000Z,Wifi,38.618103,27.365257,9,Heartbeat,3162.0
Number 1,2023-05-10T17:55:28.0000000Z,Wifi,38.6182189,27.3651959,9,Heartbeat,3162.0
Number 1,2023-05-10T14:54:53.0000000Z,Wifi,38.6182316,27.3652185,9,Heartbeat,3162.0
Number 1,2023-05-10T11:54:17.0000000Z,Wifi,38.6182624,27.3651938,9,Heartbeat,3162.0
Number 1,2023-05-10T08:53:43.0000000Z,Wifi,38.6182016,27.3652322,9,Heartbeat,3162.0
Number 1,2023-05-10T05:53:08.0000000Z,Wifi,38.6181861,27.3652437,9,Heartbeat,3162.0
Number 1,2023-05-09T20:57:02.0000000Z,Wifi,38.6183459,27.3652044,9,Heartbeat,3162.0
Number 1,2023-05-09T05:54:23.0000000Z,Wifi,38.6182322,27.3652443,9,Heartbeat,3162.0
Number 1,2023-05-09T02:54:02.0000000Z,Wifi,38.6181375,27.3652177,9,Heartbeat,3162.0
Number 1,2023-05-08T23:53:41.0000000Z,Wifi,38.6182078,27.3652275,9,Heartbeat,3162.0
Number 1,2023-05-08T20:53:28.0000000Z,Wifi,38.6182246,27.365251,9,Heartbeat,3162.0
Number 1,2023-05-08T17:53:15.0000000Z,Wifi,38.6182682,27.3652381,9,Heartbeat,3162.0
Number 1,2023-05-08T14:52:51.0000000Z,Wifi,38.6181274,27.365292,9,Heartbeat,3162.0
Number 1,2023-05-08T11:52:28.0000000Z,Wifi,38.6183183,27.3652948,9,Heartbeat,3169.0
Number 1,2023-05-08T05:03:05.0000000Z,Wifi,38.6182459,27.3652699,9,Heartbeat,3169.0
Number 1,2023-05-08T02:02:52.0000000Z,Wifi,38.6182642,27.3654569,9,Heartbeat,3169.0
Number 1,2023-05-07T23:02:28.0000000Z,Wifi,38.6182539,27.3654932,9,Heartbeat,3169.0
Number 1,2023-05-07T20:02:12.0000000Z,Wifi,38.6183023,27.3653927,9,Heartbeat,3169.0
Number 1,2023-05-07T17:01:53.0000000Z,Wifi,38.618246,27.3653244,9,Heartbeat,3169.0
Number 1,2023-05-07T14:01:34.0000000Z,Wifi,38.6182127,27.3653113,9,Heartbeat,3169.0
Number 1,2023-05-07T11:01:22.0000000Z,Wifi,38.6182707,27.3653937,9,Heartbeat,3169.0
Number 1,2023-05-07T08:01:07.0000000Z,Wifi,38.6183231,27.3654235,9,Heartbeat,3169.0
Number 1,2023-05-07T02:15:53.0000000Z,Wifi,38.6182281,27.3652515,9,Heartbeat,3169.0
Number 1,2023-05-06T23:15:35.0000000Z,Wifi,38.6182386,27.3653667,9,Heartbeat,3169.0
Number 1,2023-05-06T20:15:18.0000000Z,Wifi,38.6182659,27.3652152,9,Heartbeat,3169.0
Number 1,2023-05-06T17:14:58.0000000Z,Wifi,38.6182034,27.3652911,9,Heartbeat,3169.0
Number 1,2023-05-06T14:14:44.0000000Z,Wifi,38.6181925,27.3653271,9,Heartbeat,3169.0
Number 1,2023-05-06T11:14:30.0000000Z,Wifi,38.618161,27.3653141,9,Heartbeat,3169.0
Number 1,2023-05-06T08:14:08.0000000Z,Wifi,38.6183232,27.3653691,9,Heartbeat,3169.0
Number 1,2023-05-06T05:13:49.0000000Z,Wifi,38.6182639,27.3653866,9,Heartbeat,3169.0
Number 1,2023-05-06T02:13:31.0000000Z,Wifi,38.6181557,27.3653902,9,Heartbeat,3169.0
Number 1,2023-05-05T23:13:07.0000000Z,Wifi,38.618208,27.3653384,9,Heartbeat,3169.0
Number 1,2023-05-05T20:12:47.0000000Z,Wifi,38.6182653,27.3653921,9,Heartbeat,3169.0
Number 1,2023-05-05T17:12:30.0000000Z,Wifi,38.6182164,27.3653957,9,Heartbeat,3169.0
Number 1,2023-05-05T14:12:07.0000000Z,Wifi,38.6182751,27.3653304,9,Heartbeat,3169.0
Number 1,2023-05-05T11:11:51.0000000Z,Wifi,38.6182354,27.3652915,9,Heartbeat,3169.0
Number 1,2023-05-05T08:15:53.0000000Z,Wifi,38.6182529,27.3653679,9,Heartbeat,3169.0
Number 1,2023-05-05T05:15:34.0000000Z,Wifi,38.6182388,27.3653614,9,Heartbeat,3169.0
Number 1,2023-05-05T02:15:12.0000000Z,Wifi,38.6181871,27.3652986,9,Heartbeat,3169.0
Number 1,2023-05-04T23:14:59.0000000Z,Wifi,38.6181528,27.365426,9,Heartbeat,3169.0
Number 1,2023-05-04T20:14:40.0000000Z,Wifi,38.6182269,27.3653711,9,Heartbeat,3169.0
Number 1,2023-05-04T17:14:21.0000000Z,Wifi,38.6182362,27.3652664,9,Heartbeat,3169.0
Number 1,2023-05-04T14:14:37.0000000Z,Wifi,38.618563,27.3653272,1,Heartbeat,3169.0
Number 1,2023-05-04T11:14:15.0000000Z,Wifi,38.618568,27.365352,1,Heartbeat,3169.0
Number 1,2023-05-04T07:38:09.0000000Z,Wifi,38.6185773,27.3652984,1,Heartbeat,3169.0
Number 1,2023-05-04T06:00:35.0000000Z,Wifi,38.6184862,27.3653771,1,Heartbeat,3169.0
Number 1,2023-05-04T03:00:11.0000000Z,Wifi,38.6185534,27.3653774,1,Heartbeat,3169.0
Number 1,2023-05-04T01:17:25.0000000Z,Wifi,38.6184237,27.3654509,1,Heartbeat,3169.0
Number 1,2023-05-03T22:16:59.0000000Z,Wifi,38.6185328,27.3653533,1,Heartbeat,3169.0
Number 1,2023-05-03T19:16:34.0000000Z,Wifi,38.6184259,27.3654392,1,Heartbeat,3169.0
Number 1,2023-05-03T16:16:03.0000000Z,Wifi,38.618495,27.3654197,1,Heartbeat,3169.0
Number 1,2023-05-03T13:15:33.0000000Z,Wifi,38.6185134,27.3653173,1,Heartbeat,3169.0
Number 1,2023-05-03T10:24:31.0000000Z,Wifi,38.6184439,27.3657459,3,Heartbeat,3169.0
Number 1,2023-05-03T08:10:06.0000000Z,Wifi,38.6184729,27.3657382,1,Heartbeat,3169.0
Number 1,2023-05-03T05:09:45.0000000Z,Wifi,38.6184806,27.3657473,1,Heartbeat,3169.0
Number 1,2023-05-03T02:09:23.0000000Z,Wifi,38.6184836,27.3657084,1,Heartbeat,3169.0
Number 1,2023-05-02T23:08:58.0000000Z,Wifi,38.6184271,27.3657455,1,Heartbeat,3169.0
Number 1,2023-05-02T20:08:33.0000000Z,Wifi,38.6185384,27.3654804,3,Heartbeat,3169.0
Number 1,2023-05-02T17:08:06.0000000Z,Wifi,38.618457,27.3653193,1,Heartbeat,3169.0
Number 1,2023-05-02T14:06:08.0000000Z,Wifi,38.6184493,27.3658078,3,Heartbeat,3169.0
Number 1,2023-05-02T08:48:24.0000000Z,Wifi,38.6182672,27.3654183,7,Heartbeat,3169.0
Number 1,2023-05-02T06:19:25.0000000Z,Wifi,38.6182017,27.3652113,12,Heartbeat,3169.0
Number 1,2023-05-01T14:50:58.0000000Z,Wifi,38.6181769,27.3652559,12,Heartbeat,3169.0
Number 1,2023-04-30T14:50:22.0000000Z,Wifi,38.6182577,27.3651693,12,Heartbeat,3169.0
Number 1,2023-04-29T14:50:01.0000000Z,Wifi,38.6180763,27.3652106,12,Heartbeat,
Number 1,2023-04-28T14:49:41.0000000Z,Wifi,38.6181244,27.3651637,12,Heartbeat,
Number 1,2023-04-28T12:35:05.0000000Z,Wifi,38.617976,27.365245,3,Heartbeat,
Number 1,2023-04-28T11:59:13.0000000Z,Wifi,38.6179239,27.3652062,12,Heartbeat,
Number 1,2023-04-27T12:18:48.0000000Z,Wifi,38.6181502,27.3653824,12,Heartbeat,
Number 1,2023-04-27T08:42:42.0000000Z,Wifi,38.617976,27.365245,3,Heartbeat,
Number 1,2023-04-25T14:57:32.0000000Z,Wifi,38.6178287,27.3650682,12,Heartbeat,
Number 1,2023-04-25T14:13:50.0000000Z,Wifi,38.617976,27.365245,3,Heartbeat,
Number 3,2023-05-10T03:46:47.0000000Z,,,,0,ElapsedTime,3070.0
Number 3,2023-05-09T04:24:58.0000000Z,Wifi,38.6182822,27.3652203,9,Heartbeat,3070.0
Number 3,2023-05-09T01:24:44.0000000Z,Wifi,38.618383,27.3651402,9,Heartbeat,3106.0
Number 3,2023-05-08T17:26:32.0000000Z,Wifi,38.6183026,27.3652253,9,Heartbeat,3106.0
Number 3,2023-05-08T14:26:20.0000000Z,Wifi,38.6183028,27.3652197,9,Heartbeat,3106.0
Number 3,2023-05-08T11:25:54.0000000Z,Wifi,38.6183331,27.3653424,9,Heartbeat,3106.0
Number 3,2023-05-08T03:42:02.0000000Z,Wifi,38.6183295,27.365234,9,Heartbeat,3106.0
Number 3,2023-05-08T00:41:43.0000000Z,Wifi,38.618386,27.3652605,9,Heartbeat,3106.0
Number 3,2023-05-07T21:41:26.0000000Z,Wifi,38.6184263,27.3651926,9,Heartbeat,3106.0
Number 3,2023-05-07T18:41:14.0000000Z,Wifi,38.618415,27.365207,9,Heartbeat,3106.0
Number 3,2023-05-07T15:40:55.0000000Z,Wifi,38.6183831,27.365291,9,Heartbeat,3106.0
Number 3,2023-05-07T12:40:41.0000000Z,Wifi,38.618381,27.3651785,9,Heartbeat,3106.0
Number 3,2023-05-07T06:40:03.0000000Z,Wifi,38.6184006,27.3652142,9,Heartbeat,3106.0
Number 3,2023-05-07T03:39:44.0000000Z,Wifi,38.6183888,27.3652146,9,Heartbeat,3106.0
Number 3,2023-05-05T13:25:48.0000000Z,,,,0,Heartbeat,3106.0
Number 3,2023-05-05T12:47:05.0000000Z,Wifi,38.6183561,27.3652421,9,Heartbeat,3106.0
Number 3,2023-05-05T09:46:46.0000000Z,Wifi,38.6184302,27.3651185,9,Heartbeat,3106.0
Number 3,2023-05-04T09:46:05.0000000Z,,,,0,Heartbeat,3106.0
Number 3,2023-05-03T10:23:41.0000000Z,Wifi,38.6184775,27.3656488,1,Heartbeat,3106.0
Number 3,2023-05-03T08:07:04.0000000Z,Wifi,38.6186416,27.3655023,1,Heartbeat,3113.0
Number 3,2023-05-03T05:06:49.0000000Z,Wifi,38.6186062,27.365502,1,Heartbeat,3113.0
Number 3,2023-05-03T02:06:33.0000000Z,Wifi,38.6185158,27.3655644,3,Heartbeat,3113.0
Number 3,2023-05-02T23:06:19.0000000Z,Wifi,38.6185075,27.3655902,3,Heartbeat,3113.0
Number 3,2023-05-02T20:05:58.0000000Z,Wifi,38.6186383,27.3655284,1,Heartbeat,3113.0
Number 3,2023-05-02T17:05:39.0000000Z,Wifi,38.6185938,27.3654507,1,Heartbeat,3113.0
Number 3,2023-05-02T14:03:50.0000000Z,Wifi,38.6184966,27.365594,3,Heartbeat,3113.0
Number 3,2023-05-02T11:52:25.0000000Z,Wifi,38.6186012,27.3656412,1,Heartbeat,3113.0
Number 3,2023-05-02T08:50:33.0000000Z,Wifi,38.6182895,27.3655331,7,Heartbeat,3113.0
Number 3,2023-05-02T03:01:39.0000000Z,Wifi,38.6180643,27.365294,12,Heartbeat,3113.0
Number 3,2023-05-02T00:01:19.0000000Z,Wifi,38.6180787,27.3652683,12,Heartbeat,3113.0
Number 3,2023-05-01T21:01:03.0000000Z,Wifi,38.6180529,27.3652692,12,Heartbeat,3113.0
Number 3,2023-05-01T18:00:41.0000000Z,Wifi,38.6181637,27.3652741,12,Heartbeat,3113.0
Number 3,2023-05-01T15:00:20.0000000Z,Wifi,38.6180659,27.3652869,12,Heartbeat,3113.0
Number 3,2023-05-01T11:59:54.0000000Z,Wifi,38.6181138,27.3652047,12,Heartbeat,3113.0
Number 3,2023-05-01T08:59:37.0000000Z,Wifi,38.6180773,27.3652752,12,Heartbeat,3113.0
Number 3,2023-05-01T05:59:21.0000000Z,Wifi,38.6180421,27.3652804,12,Heartbeat,3113.0
Number 3,2023-04-30T23:58:39.0000000Z,Wifi,38.6180278,27.3652731,12,Heartbeat,3113.0
Number 3,2023-04-30T20:58:21.0000000Z,Wifi,38.6180784,27.3652732,12,Heartbeat,3113.0
Number 3,2023-04-30T17:58:01.0000000Z,Wifi,38.6181643,27.3653062,12,Heartbeat,3113.0
Number 3,2023-04-30T14:57:45.0000000Z,Wifi,38.618076,27.3652394,12,Heartbeat,3113.0
Number 3,2023-04-30T11:57:26.0000000Z,Wifi,38.6181393,27.3652435,12,Heartbeat,3113.0
Number 3,2023-04-30T08:57:03.0000000Z,Wifi,38.6180469,27.3653004,12,Heartbeat,3113.0
Number 3,2023-04-30T05:56:47.0000000Z,Wifi,38.6181804,27.365228,12,Heartbeat,3113.0
Number 3,2023-04-30T02:56:26.0000000Z,Wifi,38.6180839,27.3652525,12,Heartbeat,3113.0
Number 3,2023-04-29T23:56:00.0000000Z,Wifi,38.6180896,27.3652489,12,Heartbeat,3113.0
Number 3,2023-04-29T20:55:40.0000000Z,Wifi,38.6181879,27.3652114,12,Heartbeat,3113.0
Number 3,2023-04-29T17:55:27.0000000Z,Wifi,38.618096,27.365259,12,Heartbeat,3113.0
Number 3,2023-04-29T14:55:12.0000000Z,Wifi,38.6182558,27.3651867,12,Heartbeat,
Number 3,2023-04-29T11:54:57.0000000Z,Wifi,38.6182626,27.3651508,12,Heartbeat,
Number 3,2023-04-29T08:54:42.0000000Z,Wifi,38.6180674,27.3651632,12,Heartbeat,
Number 3,2023-04-29T05:54:06.0000000Z,Wifi,38.6180957,27.3652934,12,Heartbeat,
Number 3,2023-04-29T02:53:31.0000000Z,Wifi,38.6180774,27.3651974,12,Heartbeat,
Number 3,2023-04-28T23:52:52.0000000Z,Wifi,38.6182141,27.3651534,12,Heartbeat,
Number 3,2023-04-28T20:52:31.0000000Z,Wifi,38.6181611,27.3651813,12,Heartbeat,
Number 3,2023-04-28T17:52:14.0000000Z,Wifi,38.6180809,27.3651527,12,Heartbeat,
Number 3,2023-04-28T14:51:54.0000000Z,Wifi,38.6181162,27.3651742,12,Heartbeat,
Number 3,2023-04-28T12:28:30.0000000Z,Wifi,38.6178403,27.3650952,12,Heartbeat,
Number 3,2023-04-27T12:19:49.0000000Z,Wifi,38.6185714,27.3654511,12,Heartbeat,
Number 3,2023-04-27T07:56:29.0000000Z,Wifi,38.6178372,27.3651229,12,Heartbeat,
